FSA,Loss Dates,Number of Exposure_at_claim,$ Average Exposure_at_claim,Loss Frequency,Total $ Loss,event_start,event_end,climate_days_available,window_coverage_fraction,fwi_mean,fwi_max,fwi_p95,days_fwi_above_30,dc_max,dmc_max,ffmc_max,isi_max,bui_mean,Number of Exposure_current_portfolio,$ Average Exposure_current_portfolio,dominant_fuel_code,dominant_fuel_pct,n_valid_pixels,n_fuel_classes_present
T0A,"May 3 - May 18, 2016",23300,69124.67596349292,0.01159,87986.22635482404,2016-05-03,2016-05-18,14,0.875,0.6399191902159916,2.9490101149730794,2.1863028732099723,0,51.53927370406112,6.495953082003623,82.02896207925495,3.443408429827779,6.309536257237098,28400,76356.64648115437,11.0,0.2351575013826005,42405596.0,13.0
T0B,"May 3 - May 18, 2016",25900,73417.892374046,0.0027,8260.251106632863,2016-05-03,2016-05-18,12,0.75,1.228688289344644,2.6690156710699555,2.6539638887338515,0,55.59607130224754,8.15224704668891,82.49827763300969,3.208976564784213,9.437311559417603,31600,81099.02831742978,31.0,0.7510147652784673,34682651.0,12.0
T0C,"May 3 - May 18, 2016",25400,72652.38571874163,0.00432,69261.65081906192,2016-05-03,2016-05-18,14,0.875,0.16906060443622414,0.7404315656791389,0.4942168318677157,0,43.65498465496883,3.2134685650699537,72.40005902098487,1.7284537390851968,3.2767430238356057,31000,80253.43272883103,31.0,0.586367759245039,20985985.0,13.0
T0E,"May 3 - May 18, 2016",17900,66191.74340285285,0.00224,3501.2423477989664,2016-05-03,2016-05-18,14,0.875,0.18708779008434662,0.6824631234225457,0.6384985238034807,0,46.00879111707982,3.433414104863961,71.32407669587437,1.6669214564830048,3.400329550390016,21800,73116.8642823324,101.0,0.2098423210800715,35333068.0,14.0
T0G,"May 3 - May 18, 2016",13500,62975.96905488189,0.00666,74490.97064294481,2016-05-03,2016-05-18,15,0.9375,0.5273730856128584,1.9853694315221528,1.5027902542089575,0,52.09359244152414,5.288816259246203,74.97836757243006,2.5974783593855206,5.358532020385852,16500,69564.64878723389,2.0,0.2988464464872715,69320928.0,13.0
T0H,"May 3 - May 18, 2016",28100,68079.22656567488,0.00178,181734.03813420865,2016-05-03,2016-05-18,15,0.9375,0.5826395545890919,1.755671126413889,1.1848174492717407,0,57.39920618122994,6.5043328716419655,80.35849647450995,2.3755942526904907,5.798843224311624,34200,75201.81994532674,2.0,0.2742430218251194,244152845.0,15.0
T0J,"May 3 - May 18, 2016",17900,72607.61373862077,0.00279,10740.308682347906,2016-05-03,2016-05-18,12,0.75,0.3822623124477236,1.4756961214211572,1.117168057046256,0,36.79869290102587,6.648895955955803,75.45695260795938,2.081486158622396,5.320681331298215,21800,80203.97660899107,13.0,0.5310800177877579,43432118.0,14.0
T0K,"May 3 - May 18, 2016",18800,71742.7299543688,0.00106,2068.826912194199,2016-05-03,2016-05-18,12,0.75,0.2974656980294092,0.8773011473669323,0.7695864819581151,0,32.74970336462295,6.265615213630487,76.59221564302518,1.4813880258165968,4.709430572720952,22900,79248.60684499696,31.0,0.5160024242802729,28374607.0,15.0
T0L,"May 3 - May 18, 2016",21500,87297.75836277474,0.00186,394491.0688096511,2016-05-03,2016-05-18,12,0.75,0.22727017386965453,0.7743676780314587,0.730155173188929,0,31.185243974801093,6.025993874212576,77.49176456006961,1.442345510865563,4.203100521734924,26200,96431.035386322,31.0,0.3161456323586905,31471632.0,14.0
T0M,"May 3 - May 18, 2016",31000,68918.71627460717,0.00129,8762.569044624497,2016-05-03,2016-05-18,0,0.0,,,,0,,,,,,37800,76129.13885186835,31.0,0.4003673525106271,23419467.0,15.0
T0P,"May 3 - May 18, 2016",600,56698.157816362895,0.678445,1114387.6482050857,2016-05-03,2016-05-18,12,0.75,1.1551280032907723,2.6015108036219456,2.5908794266906043,0,41.77409759925269,8.615962814969304,81.88667847774441,2.735778835454629,6.75979334230076,700,62630.03959401069,4.0,0.2164447054108321,45095633.0,14.0
T1A,"May 3 - May 18, 2016",12000,59384.338359778856,0.0,0.0,2016-05-03,2016-05-18,12,0.75,0.433695345750525,2.325607635278856,1.589834781830429,0,32.93324574754124,6.873419084810235,81.89911249176816,2.90727208052537,4.95960345801962,14600,65597.25405511705,13.0,0.660505545843581,1796751.0,5.0
T1B,"May 3 - May 18, 2016",11000,72071.1809837747,0.00273,206.4896865748136,2016-05-03,2016-05-18,12,0.75,0.43612755651606555,2.257321985322096,1.6606970165131578,0,32.245879181961655,6.865983221404631,81.76291164740529,2.853795551522494,4.861976784403335,13400,79611.4211191928,13.0,0.8448068208614845,4499373.0,13.0
T1C,"May 3 - May 18, 2016",3100,65824.9056105902,0.0,0.0,2016-05-03,2016-05-18,12,0.75,0.42476369204329484,2.341959238052368,1.5871665865182867,0,32.65263748168945,6.881921768188477,81.91026306152344,2.9194021224975586,4.923267861207326,3800,72711.64714056208,101.0,0.4080032336297494,12370.0,4.0
T1G,"May 3 - May 18, 2016",4000,68009.79545178893,0.0,0.0,2016-05-03,2016-05-18,12,0.75,0.22880950990358376,0.8081216726283652,0.7740812796712357,0,32.65082909350556,6.198247894795227,78.00360694214864,1.4804738125139851,4.472489957068569,4900,75125.12480073638,31.0,0.6536465408477333,1074772.0,4.0
T1H,"May 3 - May 18, 2016",9600,65158.68041518269,0.0,0.0,2016-05-03,2016-05-18,12,0.75,0.18360616633920776,0.7626333832740784,0.761147317290306,0,26.7182731628418,5.989471912384033,77.66976928710939,1.5700323581695557,3.4802230348189673,11700,71975.72004920854,101.0,0.6120054823797245,43047.0,4.0
T1J,"May 3 - May 18, 2016",13500,65710.53921883261,0.00148,32315.17039152131,2016-05-03,2016-05-18,12,0.75,0.1926351947855245,0.7601934669820188,0.7545094792377723,0,27.558261877128345,6.021504597970101,77.71569606601948,1.5320264285285137,3.788377443620034,16500,72585.3154938232,31.0,0.6711916826884408,385413.0,6.0
T1K,"May 3 - May 18, 2016",17000,76636.32528496177,0.00294,2985.461347349301,2016-05-03,2016-05-18,12,0.75,0.18360616633920776,0.7626333832740784,0.761147317290306,0,26.7182731628418,5.989471912384033,77.66976928710938,1.5700323581695557,3.4802230348189673,20700,84654.18051997892,31.0,0.7557900203291936,315802.0,5.0
T1L,"May 3 - May 18, 2016",1800,57069.41045073145,0.0,0.0,2016-05-03,2016-05-18,0,0.0,,,,0,,,,,,2100,63040.13346805139,101.0,0.7058440147729741,4603.0,11.0
T1M,"May 3 - May 18, 2016",4100,72877.57073492749,0.0,0.0,2016-05-03,2016-05-18,12,0.75,0.20598239639305513,0.7652516743923342,0.7481692373791095,0,29.086505257238912,6.063619341700301,77.77427650133829,1.4808025138279366,4.1834533029281955,5000,80502.17708002102,31.0,0.8646562996887451,651556.0,4.0
T1P,"May 3 - May 18, 2016",7200,75315.0898868901,0.00279,856.7480648568409,2016-05-03,2016-05-18,0,0.0,,,,0,,,,,,8700,83194.71466639248,31.0,0.8461780347478035,1125769.0,11.0
T1R,"May 3 - May 18, 2016",6600,73637.96193630554,0.0,0.0,2016-05-03,2016-05-18,12,0.75,0.2834175196046979,0.8635651387456488,0.777758147236327,0,38.64248492669388,6.41046384397621,77.79414471060767,1.5409420194848245,4.941311139071186,8100,81342.12202503122,31.0,0.5066571476635361,243723.0,4.0
T1S,"May 3 - May 18, 2016",13700,89806.27729195,0.00219,605.6955730428808,2016-05-03,2016-05-18,0,0.0,,,,0,,,,,,16700,99202.0008975018,31.0,0.666576606944205,1165893.0,13.0
T1V,"May 3 - May 18, 2016",7200,74014.51339381596,0.00277,171166.51217148863,2016-05-03,2016-05-18,0,0.0,,,,0,,,,,,8800,81758.06909635307,31.0,0.8078179637636874,217627.0,8.0
T1W,"May 3 - May 18, 2016",7300,72868.9820508524,0.00958,10810.861129555244,2016-05-03,2016-05-18,0,0.0,,,,0,,,,,,8900,80492.6898295635,3.0,0.3280297878298071,3407029.0,14.0
T1X,"May 3 - May 18, 2016",7700,96568.60896244716,0.00905,11284.880825250691,2016-05-03,2016-05-18,0,0.0,,,,0,,,,,,9400,106671.8220801019,31.0,0.7839798884302989,468586.0,11.0
T1Y,"May 3 - May 18, 2016",16500,67311.05281310646,0.00242,21848.696910961866,2016-05-03,2016-05-18,0,0.0,,,,0,,,,,,20200,74353.27822207952,101.0,0.9391349540913552,17317.0,6.0
T1Z,"May 3 - May 18, 2016",100,170436.1364388727,0.0,0.0,2016-05-03,2016-05-18,0,0.0,,,,0,,,,,,200,188267.52727998164,31.0,0.8219056699404899,282137.0,10.0
T2A,"May 3 - May 18, 2016",17700,58707.52125040624,0.00113,1817.9408773067712,2016-05-03,2016-05-18,0,0.0,,,,0,,,,,,21600,64849.62690124721,101.0,0.9835774937015956,21434.0,6.0
T2B,"May 3 - May 18, 2016",7700,59011.15828681423,0.0026,0.0,2016-05-03,2016-05-18,0,0.0,,,,0,,,,,,9400,65185.03108975776,101.0,0.8391611559018027,22078.0,6.0
T2C,"May 3 - May 18, 2016",7600,71758.30633744944,0.0,0.0,2016-05-03,2016-05-18,0,0.0,,,,0,,,,,,9300,79265.81286238172,101.0,0.7924790880153971,67545.0,7.0
T2E,"May 3 - May 18, 2016",14800,58158.38003056426,0.00068,0.0,2016-05-03,2016-05-18,0,0.0,,,,0,,,,,,18000,64243.03335983446,101.0,0.8826487994739368,56267.0,7.0
T2G,"May 3 - May 18, 2016",40500,66688.11571740099,0.00049,0.0,2016-05-03,2016-05-18,0,0.0,,,,0,,,,,,49300,73665.16812342385,101.0,0.8998936295946106,16922.0,6.0
T2H,"May 3 - May 18, 2016",3300,60551.32141088165,0.0,0.0,2016-05-03,2016-05-18,0,0.0,,,,0,,,,,,4000,66886.32935334508,101.0,0.9480410054767588,14242.0,6.0
T2J,"May 3 - May 18, 2016",17800,85080.3880601772,0.00112,153007.37568139256,2016-05-03,2016-05-18,0,0.0,,,,0,,,,,,21700,93981.67908984302,101.0,0.8832989546551061,28603.0,9.0
T2K,"May 3 - May 18, 2016",13100,64582.73389295447,0.0,0.0,2016-05-03,2016-05-18,0,0.0,,,,0,,,,,,15900,71339.51677770162,101.0,0.9943029490616622,14920.0,5.0
T2L,"May 3 - May 18, 2016",6100,69988.56720868188,0.00326,3228.080229024993,2016-05-03,2016-05-18,0,0.0,,,,0,,,,,,7500,77310.91986453913,101.0,0.99201779638838,7642.0,5.0
T2M,"May 3 - May 18, 2016",9200,80684.10259478705,0.00217,919.9036548654034,2016-05-03,2016-05-18,0,0.0,,,,0,,,,,,11200,89125.44489514937,101.0,0.999550022498875,6667.0,2.0
T2N,"May 3 - May 18, 2016",12100,73875.1780039411,0.0,0.0,2016-05-03,2016-05-18,0,0.0,,,,0,,,,,,14700,81604.15614184449,101.0,0.9628805412141712,11234.0,6.0
T2P,"May 3 - May 18, 2016",6900,45388.28347596001,0.00292,23864.965964573068,2016-05-03,2016-05-18,0,0.0,,,,0,,,,,,8400,50136.902161981205,31.0,0.7195526710779443,94606.0,8.0
T2R,"May 3 - May 18, 2016",7800,29429.29315009608,0.00258,4474.997030053367,2016-05-03,2016-05-18,0,0.0,,,,0,,,,,,9500,32508.24834880854,101.0,1.0,1211.0,1.0
T2S,"May 3 - May 18, 2016",7800,74702.08963344521,0.00769,13445.413161281029,2016-05-03,2016-05-18,0,0.0,,,,0,,,,,,9500,82517.58102355458,101.0,0.9692379762648344,6404.0,6.0
T2T,"May 3 - May 18, 2016",13900,79765.69927555307,0.00144,5909.557190164687,2016-05-03,2016-05-18,0,0.0,,,,0,,,,,,16900,88110.95626867242,101.0,0.9937077050931972,8423.0,5.0
T2V,"May 3 - May 18, 2016",13200,77212.18319652448,0.0,0.0,2016-05-03,2016-05-18,0,0.0,,,,0,,,,,,16100,85290.28591018418,101.0,0.6838223756472619,25492.0,11.0
T2W,"May 3 - May 18, 2016",15300,79482.04636350187,0.0,0.0,2016-05-03,2016-05-18,0,0.0,,,,0,,,,,,18700,87797.62698608336,101.0,0.9196050046530866,19342.0,11.0
T2X,"May 3 - May 18, 2016",16200,87541.74005064658,0.00246,8424.619093060637,2016-05-03,2016-05-18,0,0.0,,,,0,,,,,,19800,96700.5429569404,101.0,0.5905172413793104,44080.0,9.0
T2Y,"May 3 - May 18, 2016",21600,79891.15049248617,0.00232,1425.4393432264544,2016-05-03,2016-05-18,0,0.0,,,,0,,,,,,26300,88249.53245855648,31.0,0.4138340004659339,94434.0,13.0
T2Z,"May 3 - May 18, 2016",25400,82678.47167571232,0.00157,30849.92170678646,2016-05-03,2016-05-18,0,0.0,,,,0,,,,,,31000,91328.46910817544,101.0,0.8183511385999438,28456.0,8.0
T3A,"May 3 - May 18, 2016",19400,89664.97077941975,0.00362,9116.587452986669,2016-05-03,2016-05-18,0,0.0,,,,0,,,,,,23600,99045.9105972962,101.0,0.921455938697318,22968.0,7.0
T3B,"May 3 - May 18, 2016",14800,79306.38703848074,0.00068,0.0,2016-05-03,2016-05-18,0,0.0,,,,0,,,,,,18000,87603.58980913021,101.0,0.7513409478134663,31694.0,10.0
T3C,"May 3 - May 18, 2016",9700,57920.2352574898,0.00205,3677.887221433925,2016-05-03,2016-05-18,0,0.0,,,,0,,,,,,11900,63979.97337444538,101.0,0.8417841182536955,11636.0,8.0
T3E,"May 3 - May 18, 2016",17100,67988.02553904612,0.00117,5699.999031275253,2016-05-03,2016-05-18,0,0.0,,,,0,,,,,,20800,75101.07727345239,101.0,0.9796954314720812,18912.0,8.0
T3G,"May 3 - May 18, 2016",21700,86171.48718032535,0.00323,8605.447388275392,2016-05-03,2016-05-18,0,0.0,,,,0,,,,,,26400,95186.93131897536,101.0,0.8111759619541721,27756.0,11.0
T3H,"May 3 - May 18, 2016",27600,106057.63573636796,0.00181,17012.86371616694,2016-05-03,2016-05-18,0,0.0,,,,0,,,,,,33700,117153.61100319414,101.0,0.7454348040667259,40524.0,13.0
T3J,"May 3 - May 18, 2016",19000,71987.82125770836,0.0021,7841.25483176363,2016-05-03,2016-05-18,0,0.0,,,,0,,,,,,23200,79519.34012141172,101.0,0.8787859404483961,31267.0,7.0
T3K,"May 3 - May 18, 2016",27600,77863.19948793174,0.00145,5892.15235358463,2016-05-03,2016-05-18,0,0.0,,,,0,,,,,,33700,86009.41290967578,101.0,0.6625905145542608,41706.0,7.0
T3L,"May 3 - May 18, 2016",11300,103226.51608496174,0.00177,11169.725573994245,2016-05-03,2016-05-18,0,0.0,,,,0,,,,,,13700,114026.29359656436,101.0,0.3928163035135262,63839.0,12.0
T3M,"May 3 - May 18, 2016",16000,88468.34817538809,0.00125,14845.419453768984,2016-05-03,2016-05-18,0,0.0,,,,0,,,,,,19500,97724.09479311568,101.0,0.4654112621763817,38394.0,8.0
T3N,"May 3 - May 18, 2016",4700,71353.28143366126,0.00421,4873.70671936549,2016-05-03,2016-05-18,0,0.0,,,,0,,,,,,5800,78818.41339231476,31.0,0.5245354619209631,30568.0,7.0
T3P,"May 3 - May 18, 2016",5700,87213.7540321652,0.0,0.0,2016-05-03,2016-05-18,0,0.0,,,,0,,,,,,7000,96338.24234410036,31.0,0.7909214136939201,90741.0,8.0
T3R,"May 3 - May 18, 2016",8600,99029.52142395076,0.00582,9178.320173981909,2016-05-03,2016-05-18,0,0.0,,,,0,,,,,,10500,109390.20043377893,31.0,0.5238242779683523,135555.0,12.0
T3S,"May 3 - May 18, 2016",100,82207.23800109673,0.0,0.0,2016-05-03,2016-05-18,0,0.0,,,,0,,,,,,200,90807.93396495625,31.0,0.5892829657644187,45479.0,8.0
T3Z,"May 3 - May 18, 2016",4500,156032.46392608286,0.00446,1221.8108335881457,2016-05-03,2016-05-18,0,0.0,,,,0,,,,,,5500,172356.9119351768,31.0,0.3458348644017157,582382.0,13.0
T4A,"May 3 - May 18, 2016",6200,76797.5412666053,0.0,0.0,2016-05-03,2016-05-18,0,0.0,,,,0,,,,,,7600,84832.26326027226,31.0,0.8146691735990343,552601.0,10.0
T4B,"May 3 - May 18, 2016",20600,75475.53386276377,0.00533,168329.18818519555,2016-05-03,2016-05-18,0,0.0,,,,0,,,,,,25100,83371.94463203147,31.0,0.6675154695953608,308670.0,11.0
T4C,"May 3 - May 18, 2016",13200,88348.91925719153,0.00379,7779.351507756619,2016-05-03,2016-05-18,0,0.0,,,,0,,,,,,16100,97592.17096766183,31.0,0.3762163161801402,789474.0,12.0
T4E,"May 3 - May 18, 2016",1000,97018.29560305557,0.0,0.0,2016-05-03,2016-05-18,0,0.0,,,,0,,,,,,1200,107168.55589281976,31.0,0.7703552878162022,771065.0,13.0
T4G,"May 3 - May 18, 2016",5300,65986.64123404167,0.0,0.0,2016-05-03,2016-05-18,0,0.0,,,,0,,,,,,6500,72890.30388869376,31.0,0.7934816477109627,1222763.0,13.0
T4H,"May 3 - May 18, 2016",5300,72589.19585273019,0.0,0.0,2016-05-03,2016-05-18,0,0.0,,,,0,,,,,,6400,80183.63180473303,31.0,0.8545174280354176,1171618.0,12.0
T4J,"May 3 - May 18, 2016",4600,73585.41016352353,0.00435,3480.493915637728,2016-05-03,2016-05-18,0,0.0,,,,0,,,,,,5600,81284.07217408663,31.0,0.8062125655036406,1161195.0,12.0
T4L,"May 3 - May 18, 2016",7300,75185.33094704058,0.00138,0.0,2016-05-03,2016-05-18,0,0.0,,,,0,,,,,,8900,83051.38007046479,31.0,0.8092969997165321,804324.0,12.0
T4M,"May 3 - May 18, 2016",800,72030.85316871962,0.04779,2084.6386053438964,2016-05-03,2016-05-18,0,0.0,,,,0,,,,,,1000,79566.87412241349,31.0,0.5140037172338653,15603.0,10.0
T4N,"May 3 - May 18, 2016",17600,61853.64480437277,0.00227,9679.811839877197,2016-05-03,2016-05-18,0,0.0,,,,0,,,,,,21500,68324.90458823598,101.0,0.632828202265114,31345.0,11.0
T4P,"May 3 - May 18, 2016",11200,65703.64434836399,0.00802,44415.88924469155,2016-05-03,2016-05-18,0,0.0,,,,0,,,,,,13700,72577.69926735172,101.0,0.4584204110066179,45936.0,11.0
T4R,"May 3 - May 18, 2016",13700,76473.92748766464,0.00219,7452.051103811258,2016-05-03,2016-05-18,0,0.0,,,,0,,,,,,16700,84474.79231996647,101.0,0.7932208004356112,22038.0,9.0
T4S,"May 3 - May 18, 2016",10400,74683.19169928538,0.00671,14887.51247258155,2016-05-03,2016-05-18,0,0.0,,,,0,,,,,,12700,82496.70594735706,31.0,0.6653323851417816,234833.0,12.0
T4T,"May 3 - May 18, 2016",6100,70736.61091715298,0.00326,8059.892736293835,2016-05-03,2016-05-18,0,0.0,,,,0,,,,,,7500,78137.22549569096,3.0,0.3367614673224807,8003285.0,14.0
T4V,"May 3 - May 18, 2016",10400,70463.41336796132,0.0,0.0,2016-05-03,2016-05-18,0,0.0,,,,0,,,,,,12600,77835.44543824572,31.0,0.7352939598035796,186335.0,10.0
T4X,"May 3 - May 18, 2016",7600,90186.00740401608,0.00661,10694.060685467011,2016-05-03,2016-05-18,14,0.875,0.15651845538273587,0.6346231698989868,0.4948202446103095,0,51.004276275634766,3.1276776790618896,68.69425964355469,1.5881205797195437,3.0985071659088135,9200,99621.45918097488,31.0,0.771997596232511,672278.0,12.0
T5A,"May 3 - May 18, 2016",10900,55653.57579442265,0.00184,2843.4019174303608,2016-05-03,2016-05-18,12,0.75,0.5359879017341882,3.1492161750793457,1.943369042873381,0,56.88821029663086,6.811336517333984,81.94694519042969,3.6279568672180176,5.95681490500768,13200,61476.17118076872,101.0,0.9188717447462124,14323.0,10.0
T5B,"May 3 - May 18, 2016",5100,59509.06645129855,0.00392,613.8643305133509,2016-05-03,2016-05-18,12,0.75,0.5359879017341882,3.1492161750793457,1.943369042873381,0,56.88821029663086,6.811336517333984,81.94694519042969,3.6279568672180176,5.95681490500768,6200,65735.03146467003,101.0,0.9153490634882024,8222.0,10.0
T5C,"May 3 - May 18, 2016",4900,64887.72513988492,0.0,0.0,2016-05-03,2016-05-18,12,0.75,0.5359879017341882,3.1492161750793457,1.943369042873381,0,56.88821029663086,6.811336517333984,81.94694519042969,3.6279568672180176,5.95681490500768,6000,71676.41685711774,101.0,1.0,6258.0,1.0
T5E,"May 3 - May 18, 2016",10100,63240.95624803471,0.00597,6090.628413631659,2016-05-03,2016-05-18,14,0.875,0.34201546795632265,1.9217054135121785,1.2192224718545401,0,56.84637095439317,5.031498322419568,70.08675130771425,2.277696696291712,4.557782090470935,12300,69857.35950374111,101.0,0.998979666205087,13721.0,3.0
T5G,"May 3 - May 18, 2016",4000,58422.45859257271,0.01247,2557.113317106968,2016-05-03,2016-05-18,14,0.875,0.2769996742999753,1.2552861804454147,0.9451098751816203,0,56.82365625140315,4.065218887668643,69.65359395050889,1.6957488202490834,3.9975646741535393,4900,64534.74038227577,101.0,0.9836099160008196,9762.0,7.0
T5H,"May 3 - May 18, 2016",7300,41137.13094745153,0.00275,4261.082502374291,2016-05-03,2016-05-18,14,0.875,0.3487784936845507,1.991027191584121,1.2477360135568702,0,56.848733766751394,5.132011940886181,70.13180888813285,2.3539505580410247,4.6160566201949305,8800,45440.98502049295,101.0,0.913408888322934,7853.0,10.0
T5J,"May 3 - May 18, 2016",21400,51205.36116500086,0.00234,105062.69000662056,2016-05-03,2016-05-18,14,0.875,0.38766782884138856,2.3896472722168847,1.411697045841887,0,56.86232061462156,5.709994038464098,73.17208454996262,2.792432105463615,4.951151858423066,26000,56562.57488253161,101.0,0.9663366336633664,1515.0,4.0
T5K,"May 3 - May 18, 2016",12000,31756.69963000188,0.01251,48403.63790819474,2016-05-03,2016-05-18,14,0.875,0.24654569597983095,0.943129460753336,0.8167130871568602,0,56.813016481687136,3.612604971846159,69.45069917642877,1.6801000365018224,3.7351538337771926,14600,35079.15304133789,101.0,0.8369921776431996,3963.0,10.0
T5L,"May 3 - May 18, 2016",5800,61427.23899475984,0.0,0.0,2016-05-03,2016-05-18,14,0.875,0.16424698756808145,0.6690595149993896,0.5164720132946967,0,56.78426361083984,3.375572681427002,68.90239715576172,1.6378108263015747,3.0260158351489475,7000,67853.88729653365,101.0,0.9973568281938326,11350.0,5.0
T5M,"May 3 - May 18, 2016",5600,56136.23763698426,0.00354,62.203005478020806,2016-05-03,2016-05-18,14,0.875,0.16424698756808145,0.6690595149993896,0.5164720132946967,0,56.78426361083984,3.375572681427002,68.90239715576172,1.6378108263015747,3.0260158351489475,6900,62009.33013115402,101.0,0.999094271265756,13249.0,5.0
T5N,"May 3 - May 18, 2016",6500,72005.50711379,0.0,0.0,2016-05-03,2016-05-18,14,0.875,0.16424698756808145,0.6690595149993896,0.5164720132946967,0,56.78426361083984,3.375572681427002,68.90239715576172,1.6378108263015747,3.0260158351489475,7900,79538.87630934632,101.0,0.8459036144578314,8300.0,9.0
T5P,"May 3 - May 18, 2016",6500,54389.69703072631,0.00615,8055.225141547617,2016-05-03,2016-05-18,14,0.875,0.16424698756808145,0.6690595149993896,0.5164720132946967,0,56.78426361083984,3.375572681427002,68.90239715576172,1.6378108263015747,3.0260158351489475,7900,60080.06273455239,101.0,0.999737773698702,7627.0,3.0
T5R,"May 3 - May 18, 2016",9400,74792.12297597832,0.00532,8849.338692122778,2016-05-03,2016-05-18,14,0.875,0.16424698756808145,0.6690595149993896,0.5164720132946967,0,56.78426361083984,3.375572681427002,68.90239715576172,1.6378108263015747,3.0260158351489475,11500,82617.03384574137,101.0,0.8269801084990959,13825.0,10.0
T5S,"May 3 - May 18, 2016",2200,66803.56366780553,0.01843,18228.950961222206,2016-05-03,2016-05-18,14,0.875,0.16424698756808145,0.6690595149993896,0.5164720132946967,0,56.78426361083984,3.375572681427002,68.90239715576172,1.6378108263015747,3.0260158351489475,2600,73792.69448377409,101.0,0.7023110409910305,34227.0,11.0
T5T,"May 3 - May 18, 2016",24200,67662.32346786896,0.00908,240287.97385310064,2016-05-03,2016-05-18,14,0.875,0.1636142475673526,0.6662401888322238,0.5146993687867114,0,56.31105225543848,3.3552773549386687,68.88535680107765,1.6337426532119743,3.031950747960051,29500,74741.29955933786,101.0,0.8466908113791694,34238.0,11.0
T5V,"May 3 - May 18, 2016",100,72451.87443551599,0.0,0.0,2016-05-03,2016-05-18,14,0.875,0.16424698756808145,0.6690595149993896,0.5164720132946967,0,56.78426361083984,3.375572681427002,68.90239715576172,1.6378108263015747,3.0260158351489475,100,80031.9435289854,101.0,0.7881339433466368,20546.0,10.0
T5W,"May 3 - May 18, 2016",6600,66455.49455305893,0.0061,20908.61705392388,2016-05-03,2016-05-18,12,0.75,0.5359879017341882,3.1492161750793457,1.943369042873381,0,56.88821029663086,6.811336517333984,81.94694519042969,3.6279568672180176,5.95681490500768,8000,73408.2096384527,101.0,0.8751281849017907,12677.0,9.0
T5X,"May 3 - May 18, 2016",12700,72169.39973935009,0.01026,156945.211714172,2016-05-03,2016-05-18,14,0.875,0.20935284237558133,0.7126770772538391,0.6146710070900309,0,56.80002233710379,3.375572681427001,69.20290772041278,1.6609884801436354,3.4146765592586847,15400,79719.91572973174,101.0,0.8578842065774666,15994.0,8.0
T5Y,"May 3 - May 18, 2016",15900,68521.00702220124,0.00629,203461.7495196254,2016-05-03,2016-05-18,12,0.75,0.5359879017341882,3.1492161750793457,1.943369042873381,0,56.88821029663086,6.811336517333984,81.94694519042969,3.6279568672180176,5.95681490500768,19400,75689.82041218002,31.0,0.5825495923476921,124616.0,11.0
T5Z,"May 3 - May 18, 2016",10200,84292.72918129046,0.00588,15057.405206669906,2016-05-03,2016-05-18,12,0.75,0.5359879017341882,3.1492161750793457,1.943369042873381,0,56.88821029663086,6.811336517333984,81.94694519042969,3.6279568672180176,5.95681490500768,12400,93111.61366494816,101.0,0.77804788213628,13575.0,8.0
T6A,"May 3 - May 18, 2016",5600,70546.26104984,0.00357,929.998111337822,2016-05-03,2016-05-18,12,0.75,0.5359879017341882,3.1492161750793457,1.943369042873381,0,56.88821029663086,6.811336517333984,81.94694519042969,3.6279568672180176,5.95681490500768,6800,77926.96082068795,101.0,0.8781614020358904,9529.0,10.0
T6B,"May 3 - May 18, 2016",3700,68253.1134455121,0.0,0.0,2016-05-03,2016-05-18,12,0.75,0.5359879017341881,3.1492161750793453,1.943369042873381,0,56.88821029663086,6.811336517333984,81.94694519042969,3.6279568672180176,5.95681490500768,4600,75393.89924011366,101.0,0.9559019385389436,20273.0,10.0
T6C,"May 3 - May 18, 2016",8600,64568.41533282431,0.00232,0.0,2016-05-03,2016-05-18,12,0.75,0.5359879017341882,3.1492161750793457,1.943369042873381,0,56.88821029663086,6.811336517333984,81.94694519042969,3.6279568672180176,5.95681490500768,10500,71323.7001793778,101.0,0.923477694562032,9213.0,11.0
T6E,"May 3 - May 18, 2016",10100,48577.39790152988,0.00197,0.0,2016-05-03,2016-05-18,14,0.875,0.38929839990344856,2.406360809890245,1.4185716841835094,0,56.86289029062328,5.734227954495276,73.36516639328221,2.810816974209533,4.965201895439264,12400,53659.66851693373,101.0,0.9656607700312176,21142.0,10.0
T6G,"May 3 - May 18, 2016",5200,62179.72408729802,0.00957,193166.0927251801,2016-05-03,2016-05-18,14,0.875,0.16424698756808145,0.6690595149993896,0.5164720132946967,0,56.78426361083984,3.375572681427002,68.90239715576172,1.6378108263015747,3.0260158351489475,6400,68685.09897879342,101.0,0.8695715962441315,6816.0,9.0
T6H,"May 3 - May 18, 2016",11300,65910.56148116544,0.00618,49946.49360847391,2016-05-03,2016-05-18,14,0.875,0.16748049754431107,0.6530230962553794,0.5046167506919919,0,52.672289448451664,3.19372475256831,68.81264162702745,1.606940402814352,3.151956202609501,13800,72806.26451037085,101.0,0.8191975886082528,19242.0,11.0
T6J,"May 3 - May 18, 2016",16300,74684.87466589053,0.00122,117924.55022339658,2016-05-03,2016-05-18,14,0.875,0.15651845538273587,0.6346231698989868,0.4948202446103095,0,51.004276275634766,3.1276776790618896,68.69425964355469,1.5881205797195437,3.0985071659088135,19900,82498.56498950544,101.0,0.8322929671244278,24030.0,11.0
T6K,"May 3 - May 18, 2016",8500,64900.73928533363,0.00236,16913.425876162943,2016-05-03,2016-05-18,0,0.0,,,,0,,,,,,10300,71690.79257012371,101.0,0.9806081573197378,10984.0,5.0
T6L,"May 3 - May 18, 2016",15700,69755.2139102255,0.00255,13099.001981268872,2016-05-03,2016-05-18,0,0.0,,,,0,,,,,,19100,77053.15264802653,101.0,0.9458171745152356,18050.0,10.0
T6M,"May 3 - May 18, 2016",11000,96447.41539560452,0.00455,24674.396048672545,2016-05-03,2016-05-18,14,0.875,0.15652761880032803,0.6346639997231939,0.4948459162635171,0,51.011129379996646,3.1279715984467384,68.69450642404227,1.5881794954966628,3.0984212157801685,13400,106537.94898471003,101.0,0.3663585470641843,46086.0,12.0
T6N,"May 3 - May 18, 2016",100,67566.44820588347,0.0,0.0,2016-05-03,2016-05-18,0,0.0,,,,0,,,,,,100,74635.39362366908,101.0,0.813372281726712,3081.0,7.0
T6P,"May 3 - May 18, 2016",900,39599.10123452287,0.0,0.0,2016-05-03,2016-05-18,12,0.75,0.5359879017341882,3.1492161750793457,1.943369042873381,0,56.88821029663086,6.811336517333984,81.94694519042969,3.627956867218018,5.95681490500768,1000,43742.04337005211,101.0,0.7955836466917353,12499.0,10.0
T6R,"May 3 - May 18, 2016",18100,98210.18443406594,0.00497,427547.49481738673,2016-05-03,2016-05-18,14,0.875,0.15651845538273587,0.6346231698989868,0.4948202446103095,0,51.004276275634766,3.1276776790618896,68.69425964355469,1.5881205797195437,3.0985071659088135,22100,108485.14266658436,101.0,0.759915078146174,22138.0,11.0
T6T,"May 3 - May 18, 2016",11500,76420.71220737409,0.0061,14963.395398145472,2016-05-03,2016-05-18,0,0.0,,,,0,,,,,,14000,84416.00954394757,101.0,0.6694073110138412,16906.0,11.0
T6V,"May 3 - May 18, 2016",7100,77809.34074092112,0.00989,26285.13072218891,2016-05-03,2016-05-18,14,0.875,0.16424698756808145,0.6690595149993896,0.5164720132946967,0,56.78426361083984,3.375572681427002,68.90239715576172,1.6378108263015747,3.0260158351489475,8600,85949.91934608093,101.0,0.6382556987115956,17153.0,9.0
T6W,"May 3 - May 18, 2016",22600,80805.2187015887,0.01284,237114.2166822045,2016-05-03,2016-05-18,14,0.875,0.15651845538273587,0.6346231698989868,0.4948202446103095,0,51.004276275634766,3.1276776790618896,68.69425964355469,1.5881205797195437,3.0985071659088135,27500,89259.23242646614,101.0,0.5060149052285664,51123.0,11.0
T6X,"May 3 - May 18, 2016",13600,77428.17847490982,0.00662,75849.61985687516,2016-05-03,2016-05-18,14,0.875,0.15651845538273587,0.6346231698989868,0.4948202446103095,0,51.004276275634766,3.1276776790618896,68.69425964355469,1.5881205797195437,3.0985071659088135,16600,85528.87907367297,31.0,0.6313463643038221,72187.0,11.0
T7A,"May 3 - May 18, 2016",5400,74316.62170578414,0.0,0.0,2016-05-03,2016-05-18,14,0.875,0.12850548857004587,0.7814816717597256,0.5479804986188166,0,41.393978755711935,3.5637627959931937,73.89928787542108,1.7664219382343682,2.6581705240690865,6600,82091.78462202376,2.0,0.2594816034781021,2410510.0,13.0
T7E,"May 3 - May 18, 2016",5300,66828.35607515459,0.0,0.0,2016-05-03,2016-05-18,0,0.0,,,,0,,,,,,6400,73820.08072547406,2.0,0.2425730340223548,8788986.0,14.0
T7N,"May 3 - May 18, 2016",3900,68752.1488137281,0.0,0.0,2016-05-03,2016-05-18,14,0.875,0.19592465248172286,0.7313766727886549,0.6834306061230514,0,50.48342687960924,3.4223187322912567,71.96105552827888,1.789833016179913,3.157851799053669,4700,75945.14474920777,31.0,0.7223782042401677,1162171.0,12.0
T7P,"May 3 - May 18, 2016",3200,64501.13379292169,0.0,0.0,2016-05-03,2016-05-18,14,0.875,0.15305506168568514,0.7003950502468183,0.4815961189080492,0,54.12498176597733,3.026981782115584,69.68687150220957,1.758087992989818,2.760301195562786,3900,71249.37950176964,31.0,0.8706184978793815,841264.0,12.0
T7S,"May 3 - May 18, 2016",4500,67461.47631851521,0.0,0.0,2016-05-03,2016-05-18,0,0.0,,,,0,,,,,,5500,74519.43935433593,2.0,0.2690810596953604,2628680.0,14.0
T7V,"May 3 - May 18, 2016",4900,69344.94704291168,0.0,0.0,2016-05-03,2016-05-18,0,0.0,,,,0,,,,,,6000,76599.96278906854,3.0,0.3604440219827624,4909847.0,14.0
T7X,"May 3 - May 18, 2016",17500,74486.50489572721,0.00627,20085.92161163997,2016-05-03,2016-05-18,14,0.875,0.1745244006825602,0.6378164845191915,0.5740483835533026,0,52.08491900900877,3.2496926888422606,68.98910825254808,1.597414590591408,3.386679474259354,21400,82279.4413523703,31.0,0.5817357188569521,359390.0,12.0
T7Y,"May 3 - May 18, 2016",3300,102908.8729403911,0.00608,0.0,2016-05-03,2016-05-18,14,0.875,0.185841883923026,0.6450158216392522,0.5993235967800483,0,48.21428426381154,3.310511446199368,69.79272042698749,1.615423704946595,3.515748735934775,4000,113675.41795108643,31.0,0.5289405008533837,959123.0,12.0
T7Z,"May 3 - May 18, 2016",10400,74659.39326905362,0.0048,14062.51041480054,2016-05-03,2016-05-18,14,0.875,0.17954570181079754,0.6422757663576073,0.6124490604620567,0,50.87315122655956,3.3201989475915026,69.2765112830637,1.6109659081729446,3.3399373197603657,12700,82470.417674773,31.0,0.4445839948813953,42199.0,12.0
T8A,"May 3 - May 18, 2016",19500,89051.70375611895,0.00257,23805.600153712792,2016-05-03,2016-05-18,12,0.75,0.5300442888310769,3.160334468265348,1.9423102607406029,0,56.03895912063063,6.815717988490328,82.00806547255357,3.6401706522438175,5.911007918330539,23700,98368.48227457308,101.0,0.7142101551480959,45376.0,11.0
T8B,"May 3 - May 18, 2016",2500,140240.22506329036,0.0,0.0,2016-05-03,2016-05-18,12,0.75,0.5355732248850245,3.149991881516088,1.9432951732513297,0,56.82895933134205,6.811642205924986,81.95120945972587,3.6288090044573407,5.953619021087476,3000,154912.4554775575,31.0,0.4731821831256327,114588.0,12.0
T8C,"May 3 - May 18, 2016",1400,104577.35326866104,0.0,0.0,2016-05-03,2016-05-18,12,0.75,0.5245646078449984,3.170584917068481,1.9413341224193554,0,55.25599670410157,6.819757461547852,82.06441497802734,3.651431083679199,5.868776420752208,1700,115518.45823750675,31.0,0.3734561113515277,140959.0,12.0
T8E,"May 3 - May 18, 2016",3100,99394.0680410698,0.0,0.0,2016-05-03,2016-05-18,12,0.75,0.5245646078449984,3.170584917068481,1.9413341224193554,0,55.25599670410156,6.819757461547852,82.06441497802734,3.651431083679199,5.868776420752208,3800,109792.88669279242,31.0,0.5483720355921871,259158.0,12.0
T8G,"May 3 - May 18, 2016",1800,86684.63230477167,0.011,8388.921228202022,2016-05-03,2016-05-18,12,0.75,0.5536198362489111,3.159621510670352,1.9385360264942157,0,54.66002216702952,6.8275595489726815,82.09922607309454,3.64319216613628,6.26633208393595,2200,95753.76277698566,11.0,0.3736328330009447,333445.0,12.0
T8H,"May 3 - May 18, 2016",11200,76231.30810277603,0.01165,16249.680801447588,2016-05-03,2016-05-18,12,0.75,0.535774848791721,3.149614718039176,1.9433310900907053,0,56.85776829697677,6.811493574217972,81.94913608949447,3.628394678845529,5.955172921679323,13600,84206.78957936486,101.0,0.8474600355239786,42225.0,11.0
T8L,"May 3 - May 18, 2016",11200,75189.51680284197,0.00623,21820.385605805182,2016-05-03,2016-05-18,12,0.75,0.5465329977363832,3.173403352619734,1.944384310198474,0,54.15062990759877,6.643767939978551,82.13752482681164,3.65260801191792,6.168160058132759,13700,83056.00385939679,31.0,0.6536232568760384,507996.0,12.0
T8N,"May 3 - May 18, 2016",25600,83790.59606498377,0.00429,5907.248985492644,2016-05-03,2016-05-18,14,0.875,0.16424698756808145,0.6690595149993896,0.5164720132946967,0,56.78426361083984,3.375572681427002,68.90239715576172,1.6378108263015747,3.0260158351489475,31300,92556.94631477408,101.0,0.6473235478419384,52663.0,11.0
T8R,"May 3 - May 18, 2016",5500,74503.10134463604,0.00728,7639.068545025178,2016-05-03,2016-05-18,14,0.875,0.16668125819251017,0.6773493586099885,0.5268747107092362,0,54.37491121575443,3.2409653346594163,68.99780837689696,1.6637430507685642,3.1300665650740145,6700,82297.77415703825,31.0,0.8241055132401375,784584.0,12.0
T8S,"May 3 - May 18, 2016",3600,65246.71654296431,0.0,0.0,2016-05-03,2016-05-18,15,0.9375,0.3847233530532682,0.9883104773593918,0.8167464069605883,0,60.15138528558594,6.354775905609131,75.70864049305992,2.1275907659512043,6.133416989978659,4400,72072.96670379165,101.0,0.3632159373888296,30921.0,13.0
T8T,"May 3 - May 18, 2016",2200,130086.93357374938,0.01833,5039.317706076871,2016-05-03,2016-05-18,14,0.875,0.1937149090223955,0.6876846909640595,0.5457708904521608,0,55.35933234447397,3.312247284227765,69.02767721863226,1.6448806937163083,3.374908464653464,2700,143696.90505246125,31.0,0.7601321948580434,425130.0,12.0
T8V,"May 3 - May 18, 2016",19900,65973.30524285688,0.0,0.0,2016-05-03,2016-05-18,0,0.0,,,,0,,,,,,24200,72875.57265776674,101.0,0.5254465110808677,59517.0,12.0
T8W,"May 3 - May 18, 2016",8800,84919.50045065374,0.00682,193431.65493008555,2016-05-03,2016-05-18,0,0.0,,,,0,,,,,,10700,93803.9590766589,11.0,0.2840669495980964,368994.0,13.0
T8X,"May 3 - May 18, 2016",7900,80461.12275164573,0.0,0.0,2016-05-03,2016-05-18,0,0.0,,,,0,,,,,,9600,88879.13642689475,31.0,0.682753964674834,374747.0,12.0
T9A,"May 3 - May 18, 2016",6200,70299.31913272967,0.00642,66076.4895049518,2016-05-03,2016-05-18,0,0.0,,,,0,,,,,,7600,77654.18331535641,31.0,0.8258632224460256,1115066.0,11.0
T9C,"May 3 - May 18, 2016",2800,72854.70480039717,0.0,0.0,2016-05-03,2016-05-18,12,0.75,0.8577229946405205,2.982970051207375,2.222009895491378,0,53.803326621887,6.967734277895338,82.41828381032926,3.4819600685089043,7.9473008209702956,3400,80476.91886282063,31.0,0.9008646013073104,648507.0,12.0
T9E,"May 3 - May 18, 2016",13000,73343.54169142357,0.00847,14546.535004320289,2016-05-03,2016-05-18,14,0.875,0.15651845538273587,0.6346231698989868,0.4948202446103095,0,51.00427627563477,3.12767767906189,68.69425964355469,1.5881205797195432,3.0985071659088135,15800,81016.8989083656,101.0,0.5594682686777018,46941.0,11.0
T9G,"May 3 - May 18, 2016",2700,72825.03888535155,0.0,0.0,2016-05-03,2016-05-18,14,0.875,0.15889000846919848,0.6330595587824831,0.5013324787847887,0,50.70645728875574,3.1137542601247112,68.72274775120268,1.5862926553204233,3.1484213702503694,3300,80444.14923669066,31.0,0.4408804623076424,15401.0,11.0
T9H,"May 3 - May 18, 2016",14300,64098.221311521374,0.82537,33941733.94090169,2016-05-03,2016-05-18,15,0.9375,1.0270835713199213,2.753850104602916,2.664985841469526,0,52.69750909037999,8.350548404328109,82.44504806130782,2.826633585662392,5.843877269703645,17400,70804.31346021053,2.0,0.397761934210035,25332678.0,13.0
T9J,"May 3 - May 18, 2016",1200,66836.48425177817,0.9,16231880.6087274,2016-05-03,2016-05-18,12,0.75,1.5265354658477008,4.283185005187988,3.5117772698402394,0,52.422157287597656,10.933703422546388,81.8134765625,3.2891287803649902,8.821146249771118,1500,73829.05928921171,11.0,0.2724881641241451,5703.0,11.0
T9K,"May 3 - May 18, 2016",16700,75206.63700933092,0.92,28702139.6081357,2016-05-03,2016-05-18,12,0.75,1.236405451011998,2.8806254863739014,2.8117780566215513,0,37.73552462138481,8.87898414278106,82.45764210921661,2.9328796863555917,7.025553291981765,20300,83074.9152182761,101.0,0.3800939387161708,44710.0,12.0
T9M,"May 3 - May 18, 2016",7700,67443.82999834645,0.0259,33602.769662007544,2016-05-03,2016-05-18,0,0.0,,,,0,,,,,,9400,74499.94683864542,11.0,0.6558212408030262,543793.0,12.0
T9N,"May 3 - May 18, 2016",5300,81491.7351913616,0.00379,10777.089383657532,2016-05-03,2016-05-18,0,0.0,,,,0,,,,,,6400,90017.57373052892,31.0,0.451300821050549,353815.0,12.0
T9S,"May 3 - May 18, 2016",3700,71519.70455882455,0.01094,156766.0159977059,2016-05-03,2016-05-18,14,0.875,0.5180702327464746,1.7347660031391148,1.6794090297159403,0,58.23852702047409,5.912945757247951,75.00763120250497,2.2793661753283434,6.403108021077061,4500,79002.2480585502,31.0,0.3843792659253377,2339762.0,13.0
T9V,"May 3 - May 18, 2016",8900,83470.59441259335,0.0,0.0,2016-05-03,2016-05-18,12,0.75,1.8813787290212913,4.864019084825132,3.927516090938439,0,58.20423974283152,11.399251598053969,82.58975816274913,4.211013879255889,11.56529324424442,10800,92203.4654093755,31.0,0.764067533735753,208903.0,11.0
T9W,"May 3 - May 18, 2016",3800,74318.21336158813,0.00528,3209.5983218833253,2016-05-03,2016-05-18,12,0.75,1.067963579048713,2.4531478881835938,2.42432861328125,0,58.24409484863281,8.209064483642578,82.51472473144531,3.0167477130889893,9.562413613001505,4600,82093.54280024087,31.0,0.3849424239596716,835938.0,11.0
T9X,"May 3 - May 18, 2016",3000,77509.08007118251,0.00676,22534.7524004766,2016-05-03,2016-05-18,12,0.75,1.314101415648631,3.00717689706831,2.9004629135734006,0,58.22881680894043,9.336491999105434,82.57148017700601,2.988832920591451,10.503550973260005,3600,85618.24476689688,31.0,0.8069744722324469,863922.0,10.0
T0A,"July 22 - August 17, 2024",23300,77905.80213322224,0.0,0.0,2024-07-22,2024-08-17,27,1.0,0.06254259894422114,0.3625818988790018,0.3220206286668171,0,137.4951944402788,2.473046649320473,68.63141989134058,0.91507915394016,1.7445089077715983,28400,76356.64648115437,11.0,0.2351575013826005,42405596.0,13.0
T0B,"July 22 - August 17, 2024",27100,88074.87004020567,0.0,0.0,2024-07-22,2024-08-17,27,1.0,0.11545672419287298,0.6208838664825546,0.3850628929550158,0,188.40307309629577,3.8056943547251407,74.73198313409586,1.3948710312588275,2.6584071982913002,31600,81099.02831742978,31.0,0.7510147652784673,34682651.0,12.0
T0C,"July 22 - August 17, 2024",26000,90286.97965993034,0.00038,3552.906199807753,2024-07-22,2024-08-17,27,1.0,0.1781722305606809,1.0892464742908,0.6600401339274821,0,189.9222639230201,3.818847160703311,78.51863959128659,1.7411291063888434,2.8399263684399916,31000,80253.43272883103,31.0,0.586367759245039,20985985.0,13.0
T0E,"July 22 - August 17, 2024",18200,86952.88488127016,0.5,23410785.731121317,2024-07-22,2024-08-17,27,1.0,0.15548200133890336,0.855421867701412,0.61373344204033,0,99.43223132840144,4.037768269401582,76.52903318304656,1.4301350514378488,3.0894635451934893,21800,73116.8642823324,101.0,0.2098423210800715,35333068.0,14.0
T0G,"July 22 - August 17, 2024",14100,81434.77493049917,0.0,0.0,2024-07-22,2024-08-17,27,1.0,0.12362387008416766,0.4001240122518808,0.3780254707192547,0,150.91789505554598,2.6168123652305457,69.12838825188068,0.9681042865867088,2.4335013304613065,16500,69564.64878723389,2.0,0.2988464464872715,69320928.0,13.0
T0H,"July 22 - August 17, 2024",26800,91498.7508937165,0.0,0.0,2024-07-22,2024-08-17,27,1.0,0.722251089354266,2.308192177832801,1.878616656328249,0,248.10509854855525,6.915031179511037,75.1096164127179,1.9767538431583809,8.55027600351153,34200,75201.81994532674,2.0,0.2742430218251194,244152845.0,15.0
T0J,"July 22 - August 17, 2024",19000,87549.19931795607,0.00053,55157.20662177721,2024-07-22,2024-08-17,27,1.0,0.6486077001806769,3.1002158914067888,2.342374996542531,0,261.50476531919253,7.878667987463995,82.54803707520655,2.5246384236089257,6.872495326832591,21800,80203.97660899107,13.0,0.5310800177877579,43432118.0,14.0
T0K,"July 22 - August 17, 2024",19400,89279.49280904238,0.00207,30130.9928100331,2024-07-22,2024-08-17,27,1.0,2.479309507254115,7.20009748406305,6.342748071269478,0,270.6092921879475,15.969481140146556,85.77245303862404,4.541762811217334,16.188107339712463,22900,79248.60684499696,31.0,0.5160024242802729,28374607.0,15.0
T0L,"July 22 - August 17, 2024",20600,106028.28055413892,0.0,0.0,2024-07-22,2024-08-17,27,1.0,0.6087519736013001,2.068446300237156,1.8627041697562756,0,152.6814648368916,6.925719802024638,80.86522775246772,2.2314753517365653,6.056297278068549,26200,96431.035386322,31.0,0.3161456323586905,31471632.0,14.0
T0M,"July 22 - August 17, 2024",28000,88512.39029736721,0.00107,5489.583026415212,2024-07-22,2024-08-17,27,1.0,0.19993193673023793,1.0034093847685304,0.8484031829278297,0,111.151385713276,4.4388131771518,78.20341232818109,1.5792254490057698,2.968935277641423,37800,76129.13885186835,31.0,0.4003673525106271,23419467.0,15.0
T0P,"July 22 - August 17, 2024",600,73967.38932099147,0.0,0.0,2024-07-22,2024-08-17,27,1.0,0.40321261059441726,2.113186747653915,1.0814331772868886,0,229.16597761222488,6.111408095027394,79.8531143085083,2.2597706777312965,5.44255083916823,700,62630.03959401069,4.0,0.2164447054108321,45095633.0,14.0
T1A,"July 22 - August 17, 2024",10400,74767.80439120784,0.0,0.0,2024-07-22,2024-08-17,27,1.0,1.2609632667415003,5.361072871981528,4.14551737289722,0,281.50358154442694,11.660647382566715,84.11805784957883,3.177566414306073,11.169003134164257,14600,65597.25405511705,13.0,0.660505545843581,1796751.0,5.0
T1B,"July 22 - August 17, 2024",13200,92737.10368337232,0.0,0.0,2024-07-22,2024-08-17,27,1.0,2.73206101430445,8.34765571528793,7.209167193935694,0,288.312134106317,18.50529439800639,85.75234912926034,4.189544037045063,16.582980747410115,13400,79611.4211191928,13.0,0.8448068208614845,4499373.0,13.0
T1C,"July 22 - August 17, 2024",3700,81462.15843966935,0.0,0.0,2024-07-22,2024-08-17,27,1.0,1.6211001428744365,6.533123970031738,4.8222899436950675,0,291.61163330078125,13.385491371154783,85.05937957763672,3.598675012588501,12.959560058735034,3800,72711.64714056208,101.0,0.4080032336297494,12370.0,4.0
T1G,"July 22 - August 17, 2024",4200,90750.89223924903,0.0,0.0,2024-07-22,2024-08-17,27,1.0,2.337422332928014,6.777267865413331,6.432355253754431,0,324.2752802432122,15.93801015513669,85.37676199489532,3.4161352136630665,16.419150855362805,4900,75125.12480073638,31.0,0.6536465408477333,1074772.0,4.0
T1H,"July 22 - August 17, 2024",11500,83301.32960823184,0.0,0.0,2024-07-22,2024-08-17,27,1.0,2.000456450502285,7.126291110772538,5.353779007345803,0,291.4795861723492,15.40628418087841,86.0880065281976,3.904765647754031,14.49004838269764,11700,71975.72004920854,101.0,0.6120054823797245,43047.0,4.0
T1J,"July 22 - August 17, 2024",10900,84561.57841405287,0.0,0.0,2024-07-22,2024-08-17,27,1.0,1.9544495036348506,6.591542213245115,5.278374149374516,0,292.20191652941986,14.848604254917769,85.63433653166945,3.576801966651089,14.409450472893722,16500,72585.3154938232,31.0,0.6711916826884408,385413.0,6.0
T1K,"July 22 - August 17, 2024",19600,94438.90445408363,0.0,0.0,2024-07-22,2024-08-17,27,1.0,2.2946284651812308,7.699685416323249,5.896092535767331,0,302.2106936255358,16.85419034276499,86.30031292740468,4.067505331913998,16.347488413312266,20700,84654.18051997892,31.0,0.7557900203291936,315802.0,5.0
T1L,"July 22 - August 17, 2024",2200,64934.357052517495,0.0,0.0,2024-07-22,2024-08-17,27,1.0,0.3181026316285877,2.0588812828063965,1.6208248972892754,0,88.4627685546875,6.148539066314697,82.5594482421875,2.324403047561645,3.4694812662071652,2100,63040.13346805139,101.0,0.7058440147729741,4603.0,11.0
T1M,"July 22 - August 17, 2024",4000,97550.54804016028,0.0,0.0,2024-07-22,2024-08-17,27,1.0,2.4822432591172836,7.560184609466739,6.321335124364793,0,314.87330433082894,17.265041818484242,86.01972407882238,3.907283265090227,17.49601600166541,5000,80502.17708002102,31.0,0.8646562996887451,651556.0,4.0
T1P,"July 22 - August 17, 2024",7500,94071.24895123747,0.0,0.0,2024-07-22,2024-08-17,27,1.0,0.4363438620475609,2.5969399861510936,2.0608930450942395,0,202.42103119592463,7.048169944652851,82.22119893814312,2.265853836708746,4.669222703602728,8700,83194.71466639248,31.0,0.8461780347478035,1125769.0,11.0
T1R,"July 22 - August 17, 2024",6400,87652.87609157231,0.0,0.0,2024-07-22,2024-08-17,27,1.0,0.8248991272720819,4.580210717506328,3.505284363207708,0,270.2952779690148,10.128985150967608,84.07433732642482,2.960018071560029,8.508250841111417,8100,81342.12202503122,31.0,0.5066571476635361,243723.0,4.0
T1S,"July 22 - August 17, 2024",18100,131177.42200715942,0.00055,3791.520566087345,2024-07-22,2024-08-17,27,1.0,0.5726459273845672,2.80611136035271,2.197760756518298,0,119.94426813678405,7.0786164220042345,82.22257705840117,2.6556813169030096,5.777476443656629,16700,99202.0008975018,31.0,0.666576606944205,1165893.0,13.0
T1V,"July 22 - August 17, 2024",8100,99448.80797871016,0.0,0.0,2024-07-22,2024-08-17,27,1.0,0.5002620065658466,2.223867347679405,1.810540024878445,0,162.58124801499537,7.435396909094603,81.21766778572837,2.2717090202026933,6.143562360949409,8800,81758.06909635307,31.0,0.8078179637636874,217627.0,8.0
T1W,"July 22 - August 17, 2024",10900,90423.34663563114,0.0,0.0,2024-07-22,2024-08-17,27,1.0,0.26717187507096185,1.296201509165803,0.9876854104884968,0,78.14670587000624,5.11190553724837,80.57923071321605,1.9995746845640072,3.5469847573123126,8900,80492.6898295635,3.0,0.3280297878298071,3407029.0,14.0
T1X,"July 22 - August 17, 2024",10400,124573.75033977226,0.0,0.0,2024-07-22,2024-08-17,27,1.0,0.6206451864730793,2.8739827622950247,2.429211748050118,0,157.5578155469724,7.926459702485618,82.77955603822303,2.4602756540204544,5.755158500865986,9400,106671.8220801019,31.0,0.7839798884302989,468586.0,11.0
T1Y,"July 22 - August 17, 2024",18200,86470.71517589901,0.0,0.0,2024-07-22,2024-08-17,27,1.0,0.49139009851394266,2.544985294342041,2.22250930070877,0,137.37069702148438,7.363441467285156,82.62816619873047,2.362858295440674,5.148076630300945,20200,74353.27822207952,101.0,0.9391349540913552,17317.0,6.0
T1Z,"July 22 - August 17, 2024",900,182519.43440651524,0.0,0.0,2024-07-22,2024-08-17,27,1.0,0.4905610397398378,2.605960024067524,2.2467225372999895,0,152.4657605644649,7.367468607534299,82.5871908640226,2.3523328888771298,5.124578785146799,200,188267.52727998164,31.0,0.8219056699404899,282137.0,10.0
T2A,"July 22 - August 17, 2024",20500,74302.23828994145,0.0,0.0,2024-07-22,2024-08-17,27,1.0,0.48706873704836096,2.529332208197848,2.1560046360407807,0,136.1822270594144,7.362928680196156,82.59085999571231,2.3541060276366568,5.151025780207426,21600,64849.62690124721,101.0,0.9835774937015956,21434.0,6.0
T2B,"July 22 - August 17, 2024",8900,74676.10747992473,0.00113,44642.55545851307,2024-07-22,2024-08-17,27,1.0,0.49015099583001004,2.5404969447310264,2.2034398224574177,0,137.02991638290476,7.363294431249563,82.6174690569488,2.3603486792901083,5.148922266472218,9400,65185.03108975776,101.0,0.8391611559018027,22078.0,6.0
T2C,"July 22 - August 17, 2024",9700,88343.2488632214,0.0,0.0,2024-07-22,2024-08-17,27,1.0,0.6922578742092492,2.9509413235039066,2.557060350794095,0,135.59144011709134,8.183199568814066,82.79823869468619,2.642823448117129,6.107560331869499,9300,79265.81286238172,101.0,0.7924790880153971,67545.0,7.0
T2E,"July 22 - August 17, 2024",19300,71933.01301997565,0.0,0.0,2024-07-22,2024-08-17,27,1.0,0.4030148947225335,2.22486750531294,1.2779480405189048,0,113.06556172223976,7.352954572390355,81.86522532450076,2.18386760998712,5.208389040191327,18000,64243.03335983446,101.0,0.8826487994739368,56267.0,7.0
T2G,"July 22 - August 17, 2024",10600,50089.65286574792,0.0,0.0,2024-07-22,2024-08-17,27,1.0,0.4008600716984855,2.2170621803732047,1.2863836465858374,0,112.4729377406416,7.352698873941009,81.84662279244144,2.1795033399932904,5.209859617501388,49300,73665.16812342385,101.0,0.8998936295946106,16922.0,6.0
T2H,"July 22 - August 17, 2024",4300,65537.34384775229,0.0,0.0,2024-07-22,2024-08-17,27,1.0,0.5548379959215697,2.644530444975067,2.3523458944267017,0,104.63005650919192,7.853285259465424,82.09615405241664,2.649886269376482,5.780436194019667,4000,66886.32935334508,101.0,0.9480410054767588,14242.0,6.0
T2J,"July 22 - August 17, 2024",18800,112670.77950775894,0.0,0.0,2024-07-22,2024-08-17,27,1.0,0.6231895995787602,3.107330757484323,2.570025534783693,0,104.04779304661268,8.066971653332061,82.50791504604005,2.8681876392196712,6.020337590272245,21700,93981.67908984302,101.0,0.8832989546551061,28603.0,9.0
T2K,"July 22 - August 17, 2024",15100,85618.91637655269,0.0,0.0,2024-07-22,2024-08-17,27,1.0,0.39954545529798013,2.2123003005981445,1.2915300488471981,0,112.11138916015624,7.352542877197266,81.83527374267578,2.176840782165528,5.210756788651149,15900,71339.51677770162,101.0,0.9943029490616622,14920.0,5.0
T2L,"July 22 - August 17, 2024",7400,91469.97215584973,0.0,0.0,2024-07-22,2024-08-17,27,1.0,0.39954545529798013,2.2123003005981445,1.2915300488471981,0,112.11138916015624,7.352542877197266,81.83527374267578,2.176840782165528,5.210756788651149,7500,77310.91986453913,101.0,0.99201779638838,7642.0,5.0
T2M,"July 22 - August 17, 2024",10400,102488.773154986,0.0,0.0,2024-07-22,2024-08-17,27,1.0,0.39954545529798013,2.2123003005981445,1.2915300488471981,0,112.11138916015624,7.352542877197266,81.83527374267578,2.176840782165528,5.210756788651149,11200,89125.44489514937,101.0,0.999550022498875,6667.0,2.0
T2N,"July 22 - August 17, 2024",14100,101296.29029020878,0.0,0.0,2024-07-22,2024-08-17,27,1.0,0.39954545529798013,2.2123003005981445,1.2915300488471981,0,112.11138916015624,7.352542877197266,81.83527374267578,2.176840782165528,5.210756788651149,14700,81604.15614184449,101.0,0.9628805412141712,11234.0,6.0
T2P,"July 22 - August 17, 2024",8800,44162.35557726704,0.0,0.0,2024-07-22,2024-08-17,27,1.0,0.49449624486053195,2.7410745639064134,2.2868494076992754,0,183.80167711368483,7.419071186505062,82.49609040561495,2.334924799421422,5.123991987240569,8400,50136.902161981205,31.0,0.7195526710779443,94606.0,8.0
T2R,"July 22 - August 17, 2024",11300,33413.98229369779,0.0,0.0,2024-07-22,2024-08-17,27,1.0,0.39954545529798013,2.2123003005981445,1.2915300488471981,0,112.11138916015624,7.352542877197266,81.83527374267578,2.176840782165528,5.210756788651149,9500,32508.24834880854,101.0,1.0,1211.0,1.0
T2S,"July 22 - August 17, 2024",9200,107871.17635109687,0.00108,18789.33258113763,2024-07-22,2024-08-17,27,1.0,0.39954545529798013,2.2123003005981445,1.2915300488471981,0,112.11138916015624,7.352542877197266,81.83527374267578,2.176840782165528,5.210756788651149,9500,82517.58102355458,101.0,0.9692379762648344,6404.0,6.0
T2T,"July 22 - August 17, 2024",17100,104675.83583853248,0.0,0.0,2024-07-22,2024-08-17,27,1.0,0.39954545529798013,2.2123003005981445,1.2915300488471981,0,112.11138916015624,7.352542877197266,81.83527374267578,2.176840782165528,5.210756788651149,16900,88110.95626867242,101.0,0.9937077050931972,8423.0,5.0
T2V,"July 22 - August 17, 2024",15700,98755.51271952003,0.0,0.0,2024-07-22,2024-08-17,27,1.0,0.5844507238264554,2.875962405869317,2.4503258132270975,0,103.20344150714917,7.948771802843534,82.14590130748167,2.760319785132352,5.889068335373356,16100,85290.28591018418,101.0,0.6838223756472619,25492.0,11.0
T2W,"July 22 - August 17, 2024",17600,105937.4799369038,0.0,0.0,2024-07-22,2024-08-17,27,1.0,0.6156028006410418,3.119424819946289,2.5533989906311034,0,101.70266723632812,8.049221992492676,82.5467529296875,2.8764939308166504,6.0033474663893385,18700,87797.62698608336,101.0,0.9196050046530866,19342.0,11.0
T2X,"July 22 - August 17, 2024",27700,107592.57171781288,0.0,0.0,2024-07-22,2024-08-17,27,1.0,0.6308161204453683,3.095173374576798,2.5867391299323526,0,106.40519714731175,8.084814245428946,82.46887382028942,2.8598378586721007,6.0374166687324715,19800,96700.5429569404,101.0,0.5905172413793104,44080.0,9.0
T2Y,"July 22 - August 17, 2024",24600,105793.54110679602,0.0,0.0,2024-07-22,2024-08-17,27,1.0,0.6156028006410418,3.119424819946289,2.5533989906311034,0,101.70266723632812,8.049221992492676,82.5467529296875,2.8764939308166504,6.0033474663893385,26300,88249.53245855648,31.0,0.4138340004659339,94434.0,13.0
T2Z,"July 22 - August 17, 2024",28800,109270.50172404124,0.0,0.0,2024-07-22,2024-08-17,27,1.0,0.7347957866934487,3.055571136680998,2.7612516052945963,0,138.5459459749698,8.32807939918441,82.90144434988298,2.745997300209528,6.27027210952652,31000,91328.46910817544,101.0,0.8183511385999438,28456.0,8.0
T3A,"July 22 - August 17, 2024",22000,120568.2291806166,0.0,0.0,2024-07-22,2024-08-17,27,1.0,0.39954545529798013,2.2123003005981445,1.2915300488471981,0,112.11138916015624,7.352542877197266,81.83527374267578,2.176840782165528,5.210756788651149,23600,99045.9105972962,101.0,0.921455938697318,22968.0,7.0
T3B,"July 22 - August 17, 2024",18600,103605.18165150836,0.0,0.0,2024-07-22,2024-08-17,27,1.0,0.3925095055956234,2.05388212145423,1.3808251305124282,0,109.79281460504365,6.701055876431372,81.53453319551032,2.117278229597969,5.078208242939428,18000,87603.58980913021,101.0,0.7513409478134663,31694.0,10.0
T3C,"July 22 - August 17, 2024",11700,74340.09471700873,0.0,0.0,2024-07-22,2024-08-17,27,1.0,0.39954545529798013,2.2123003005981445,1.2915300488471981,0,112.11138916015624,7.352542877197266,81.83527374267578,2.176840782165528,5.210756788651149,11900,63979.97337444538,101.0,0.8417841182536955,11636.0,8.0
T3E,"July 22 - August 17, 2024",20200,90227.11049247738,0.00049,6902.650937198652,2024-07-22,2024-08-17,27,1.0,0.4438724348444773,2.2925113722352224,1.6245470440608503,0,109.97590423558631,7.495475675177991,81.90973988320984,2.2360670131118745,5.373367093360112,20800,75101.07727345239,101.0,0.9796954314720812,18912.0,8.0
T3G,"July 22 - August 17, 2024",23600,115110.2394882328,0.0,0.0,2024-07-22,2024-08-17,27,1.0,0.39874160348824755,2.194201146200166,1.301731942839244,0,111.8464938111314,7.278110991419648,81.80091436784711,2.169816110931669,5.195613219857289,26400,95186.93131897536,101.0,0.8111759619541721,27756.0,11.0
T3H,"July 22 - August 17, 2024",32900,141097.31063586823,0.0,0.0,2024-07-22,2024-08-17,27,1.0,0.39954545529798013,2.2123003005981445,1.2915300488471981,0,112.11138916015624,7.352542877197266,81.83527374267578,2.176840782165528,5.210756788651149,33700,117153.61100319414,101.0,0.7454348040667259,40524.0,13.0
T3J,"July 22 - August 17, 2024",25000,95728.68924783856,0.0,0.0,2024-07-22,2024-08-17,27,1.0,0.4900705515367624,2.54020555474617,2.202201805043348,0,137.00779242338274,7.363284885462826,82.61677458342248,2.3601857514713145,5.148977166364716,23200,79519.34012141172,101.0,0.8787859404483961,31267.0,7.0
T3K,"July 22 - August 17, 2024",31100,102706.38864594084,0.0,0.0,2024-07-22,2024-08-17,27,1.0,0.39954545529798013,2.2123003005981445,1.2915300488471981,0,112.11138916015624,7.352542877197266,81.83527374267578,2.176840782165528,5.210756788651149,33700,86009.41290967578,101.0,0.6625905145542608,41706.0,7.0
T3L,"July 22 - August 17, 2024",13000,140711.1343093581,0.0,0.0,2024-07-22,2024-08-17,27,1.0,0.3740349440928378,1.757823977238078,1.5313560745174501,0,103.70484495925804,5.904574697387924,80.74486726979619,2.239422262703941,4.73017047072003,13700,114026.29359656436,101.0,0.3928163035135262,63839.0,12.0
T3M,"July 22 - August 17, 2024",29000,105452.96304485234,0.0,0.0,2024-07-22,2024-08-17,27,1.0,0.7521238207675114,3.121326788704921,2.808756353410033,0,143.90214696067767,8.368619122241896,83.00367556026458,2.727025965262719,6.309077071669632,19500,97724.09479311568,101.0,0.4654112621763817,38394.0,8.0
T3N,"July 22 - August 17, 2024",16500,90274.46451254265,0.0,0.0,2024-07-22,2024-08-17,27,1.0,0.49092064239510025,2.543284803159416,2.215284489267142,0,137.24158620763603,7.363385760064524,82.62411339606234,2.361907482668572,5.148397014624267,5800,78818.41339231476,31.0,0.5245354619209631,30568.0,7.0
T3P,"July 22 - August 17, 2024",15600,109038.5548002034,0.0,0.0,2024-07-22,2024-08-17,27,1.0,0.39954545529798013,2.2123003005981445,1.2915300488471981,0,112.11138916015624,7.352542877197266,81.83527374267578,2.176840782165528,5.210756788651149,7000,96338.24234410036,31.0,0.7909214136939201,90741.0,8.0
T3R,"July 22 - August 17, 2024",15700,113921.18588198406,0.0,0.0,2024-07-22,2024-08-17,27,1.0,0.3761089191611537,1.914028157332818,1.3601294895868017,0,108.41598264567456,6.2690693869314265,81.32927260478718,2.0935979772411577,4.897737229159675,10500,109390.20043377893,31.0,0.5238242779683523,135555.0,12.0
T3S,"July 22 - August 17, 2024",1100,101879.32156475818,0.0,0.0,2024-07-22,2024-08-17,27,1.0,0.7534974745131977,3.126539468765259,2.812522220611572,0,144.32675170898438,8.371832847595215,83.01177978515625,2.725522041320801,6.312153276469973,200,90807.93396495625,31.0,0.5892829657644187,45479.0,8.0
T3T,"July 22 - August 17, 2024",100,89691.80076014022,0.0,0.0,2024-07-22,2024-08-17,0,0.0,,,,0,,,,,,100,99075.5475876244,,,,
T3Z,"July 22 - August 17, 2024",5700,219848.38944805687,0.0,0.0,2024-07-22,2024-08-17,27,1.0,0.3813879450662242,2.075191323486184,1.520480705494619,0,99.87886340690704,5.737433789232994,81.07390557264462,2.38192685136327,4.53513510241386,5500,172356.9119351768,31.0,0.3458348644017157,582382.0,13.0
T4A,"July 22 - August 17, 2024",8200,99957.18183042284,0.0,0.0,2024-07-22,2024-08-17,27,1.0,0.42685659411283855,2.55211495931444,1.974458242561731,0,156.75310719081105,6.944626393965379,82.34534545693562,2.292792395139838,4.63718807009316,7600,84832.26326027226,31.0,0.8146691735990343,552601.0,10.0
T4B,"July 22 - August 17, 2024",25000,98657.15125711275,0.0004,15321.46459700813,2024-07-22,2024-08-17,27,1.0,0.2804059655233374,1.4558154880571896,0.8419932618356628,0,106.99532430136746,5.421472832048203,80.88266727585638,1.925706832204708,4.063859118256295,25100,83371.94463203147,31.0,0.6675154695953608,308670.0,11.0
T4C,"July 22 - August 17, 2024",17700,115301.3379234548,0.00169,8664.784867561357,2024-07-22,2024-08-17,27,1.0,0.2687290278604817,1.270567138109759,1.0016359967675186,0,95.40983889794904,4.844346400370053,79.65009575035268,2.0333333943958296,3.7341010431324113,16100,97592.17096766183,31.0,0.3762163161801402,789474.0,12.0
T4E,"July 22 - August 17, 2024",2500,123462.77842053934,0.0,0.0,2024-07-22,2024-08-17,27,1.0,0.13973264861122145,0.8673680238315216,0.591432704238854,0,135.19053918784266,3.8060619979059176,78.38770484732136,1.7147490818229825,2.2882979880135745,1200,107168.55589281976,31.0,0.7703552878162022,771065.0,13.0
T4G,"July 22 - August 17, 2024",5800,84662.85172750252,0.0,0.0,2024-07-22,2024-08-17,27,1.0,0.15720204722724387,0.9109924009004692,0.6473083192692735,0,124.02901011131308,4.19673518310512,77.95721327346992,1.6933069498944502,2.5507692856581374,6500,72890.30388869376,31.0,0.7934816477109627,1222763.0,13.0
T4H,"July 22 - August 17, 2024",5500,90616.98341921576,0.0,0.0,2024-07-22,2024-08-17,27,1.0,0.19905789040701566,0.9634338862036538,0.8192120811129542,0,117.77649490327556,4.53684050920224,78.4492230844675,1.6718744497859075,3.0364665943103937,6400,80183.63180473303,31.0,0.8545174280354176,1171618.0,12.0
T4J,"July 22 - August 17, 2024",4600,97191.21157587253,0.0,0.0,2024-07-22,2024-08-17,27,1.0,0.13784687346553284,0.7994764937849861,0.5387297446719549,0,163.0889436752114,3.396405398353126,75.64540289095092,1.519902045025336,2.3195719006241253,5600,81284.07217408663,31.0,0.8062125655036406,1161195.0,12.0
T4L,"July 22 - August 17, 2024",7500,95230.65936545852,0.0,0.0,2024-07-22,2024-08-17,27,1.0,0.13162454645081545,0.7767573291322998,0.5247445251638457,0,152.13701055485615,3.430667381872051,76.81151841631039,1.6027339556674132,2.2172275357419933,8900,83051.38007046479,31.0,0.8092969997165321,804324.0,12.0
T4M,"July 22 - August 17, 2024",2900,90873.75234271854,0.0,0.0,2024-07-22,2024-08-17,27,1.0,0.13620215036054575,0.8664913213261172,0.5802488079111741,0,135.7006080276516,3.5141960120591578,78.44135543432964,1.7748599433269092,2.1422148763453563,1000,79566.87412241349,31.0,0.5140037172338653,15603.0,10.0
T4N,"July 22 - August 17, 2024",14500,71927.1365242679,0.0,0.0,2024-07-22,2024-08-17,27,1.0,0.1380936301197178,0.8848239426917333,0.5852848420410298,0,133.53351073713978,3.6410628486607246,78.66664717610601,1.78514300387377,2.1993302234171597,21500,68324.90458823598,101.0,0.632828202265114,31345.0,11.0
T4P,"July 22 - August 17, 2024",14900,86335.905148481,0.0,0.0,2024-07-22,2024-08-17,27,1.0,0.13376525004798415,0.8288176016780872,0.5646317897787467,0,141.13613637411504,3.4963070201001223,77.87634885878732,1.6992560879253251,2.163982767720363,13700,72577.69926735172,101.0,0.4584204110066179,45936.0,11.0
T4R,"July 22 - August 17, 2024",16900,99162.64588844616,0.0,0.0,2024-07-22,2024-08-17,27,1.0,0.13875481640608578,0.8850956046706843,0.5824722058511411,0,134.27490292023458,3.759865533957756,78.62623334201825,1.7589909072537018,2.266626438395803,16700,84474.79231996647,101.0,0.7932208004356112,22038.0,9.0
T4S,"July 22 - August 17, 2024",11000,98518.18264883837,0.0,0.0,2024-07-22,2024-08-17,27,1.0,0.1360451531280999,0.8507154018205126,0.5790157487797787,0,135.0127136956778,3.58214457373464,78.18169983597286,1.7276310336264469,2.185638273555812,12700,82496.70594735706,31.0,0.6653323851417816,234833.0,12.0
T4T,"July 22 - August 17, 2024",5200,90430.54607677784,0.0,0.0,2024-07-22,2024-08-17,27,1.0,0.197937008036588,0.6731822564098908,0.6317034816507596,0,63.913040870823615,4.241131159709653,77.05735135964082,1.3741127088400802,3.1767268775739836,7500,78137.22549569096,3.0,0.3367614673224807,8003285.0,14.0
T4V,"July 22 - August 17, 2024",11200,89561.60484002688,0.00089,2124.936293099699,2024-07-22,2024-08-17,27,1.0,0.11542981703796223,0.571747595302606,0.4944907068813044,0,188.92391169703447,3.905066807018648,75.2823504067967,1.345503354387288,2.5406098409653253,12600,77835.44543824572,31.0,0.7352939598035796,186335.0,10.0
T4X,"July 22 - August 17, 2024",9900,118623.61759557278,0.0,0.0,2024-07-22,2024-08-17,27,1.0,0.1497872580993469,0.8976289976848872,0.6839342891587237,0,192.15489153329165,3.9591672493156382,78.14437486634952,1.641271641853663,2.805740302118917,9200,99621.45918097488,31.0,0.771997596232511,672278.0,12.0
T5A,"July 22 - August 17, 2024",11700,67017.83869608624,0.0,0.0,2024-07-22,2024-08-17,27,1.0,0.18087702402697317,1.3871707916259766,0.7707623630762097,0,187.0225830078125,5.340482711791992,80.22045135498047,1.9861903190612795,3.6805664378183858,13200,61476.17118076872,101.0,0.9188717447462124,14323.0,10.0
T5B,"July 22 - August 17, 2024",6000,68546.02448076048,0.0,0.0,2024-07-22,2024-08-17,27,1.0,0.18087702402697317,1.3871707916259766,0.7707623630762097,0,187.0225830078125,5.340482711791992,80.22045135498047,1.9861903190612795,3.6805664378183858,6200,65735.03146467003,101.0,0.9153490634882024,8222.0,10.0
T5C,"July 22 - August 17, 2024",5500,77200.87958278139,0.0,0.0,2024-07-22,2024-08-17,27,1.0,0.18087702402697317,1.3871707916259766,0.7707623630762097,0,187.0225830078125,5.340482711791992,80.22045135498047,1.9861903190612795,3.6805664378183858,6000,71676.41685711774,101.0,1.0,6258.0,1.0
T5E,"July 22 - August 17, 2024",12000,76930.63222303872,0.0,0.0,2024-07-22,2024-08-17,27,1.0,0.21413105178500372,1.6467105236145427,0.9794261464777954,0,186.59702519882032,5.360627175089916,80.52510207875251,2.0555989610792618,4.000553332500675,12300,69857.35950374111,101.0,0.998979666205087,13721.0,3.0
T5G,"July 22 - August 17, 2024",4800,66541.2686652239,0.00211,7786.570317074086,2024-07-22,2024-08-17,27,1.0,0.23218476208127384,1.787615413866871,1.0927103333518544,0,186.3659886021781,5.371563663959802,80.69049786023648,2.093281118686398,4.1742751666566,4900,64534.74038227577,101.0,0.9836099160008196,9762.0,7.0
T5H,"July 22 - August 17, 2024",10600,40200.89891612369,0.0,0.0,2024-07-22,2024-08-17,27,1.0,0.21225308182790337,1.6320534173266978,0.9676421809619656,0,186.6210579200928,5.359489547577523,80.50789739874153,2.0516792150135714,3.9824825658780045,8800,45440.98502049295,101.0,0.913408888322934,7853.0,10.0
T5J,"July 22 - August 17, 2024",4900,34442.14176549909,0.0,0.0,2024-07-22,2024-08-17,27,1.0,0.20145421664374272,1.5477708577501097,0.8998810038147413,0,186.7592529514079,5.352947863516139,80.40896556052303,2.029139552353103,3.878570481558,26000,56562.57488253161,101.0,0.9663366336633664,1515.0,4.0
T5K,"July 22 - August 17, 2024",14700,37460.619408587176,0.0,0.0,2024-07-22,2024-08-17,27,1.0,0.24064128119825764,1.8536165226994128,1.14577365807743,0,186.25776899722345,5.376686413006016,80.76797072121822,2.1109317777999306,4.255648025059041,14600,35079.15304133789,101.0,0.8369921776431996,3963.0,10.0
T5L,"July 22 - August 17, 2024",6300,73770.48009403472,0.0,0.0,2024-07-22,2024-08-17,27,1.0,0.2634941444160227,2.031977653503418,1.289171773195266,0,185.9653167724609,5.62434196472168,80.97733306884766,2.158630847930908,4.475549710017663,7000,67853.88729653365,101.0,0.9973568281938326,11350.0,5.0
T5M,"July 22 - August 17, 2024",6700,69997.77392598086,0.0,0.0,2024-07-22,2024-08-17,27,1.0,0.2634941444160227,2.031977653503418,1.289171773195266,0,185.9653167724609,5.62434196472168,80.97733306884766,2.158630847930908,4.475549710017663,6900,62009.33013115402,101.0,0.999094271265756,13249.0,5.0
T5N,"July 22 - August 17, 2024",8000,89679.56997445614,0.00997,26407.102054633,2024-07-22,2024-08-17,27,1.0,0.2634941444160227,2.031977653503418,1.289171773195266,0,185.9653167724609,5.62434196472168,80.97733306884766,2.158630847930908,4.475549710017663,7900,79538.87630934632,101.0,0.8459036144578314,8300.0,9.0
T5P,"July 22 - August 17, 2024",7900,64341.35273414772,0.0,0.0,2024-07-22,2024-08-17,27,1.0,0.2634941444160227,2.031977653503418,1.289171773195266,0,185.9653167724609,5.62434196472168,80.97733306884766,2.158630847930908,4.475549710017663,7900,60080.06273455239,101.0,0.999737773698702,7627.0,3.0
T5R,"July 22 - August 17, 2024",10200,98148.25758829138,0.0,0.0,2024-07-22,2024-08-17,27,1.0,0.2634941444160227,2.031977653503418,1.289171773195266,0,185.9653167724609,5.62434196472168,80.97733306884766,2.158630847930908,4.475549710017663,11500,82617.03384574137,101.0,0.8269801084990959,13825.0,10.0
T5S,"July 22 - August 17, 2024",3800,104511.48301511531,0.0,0.0,2024-07-22,2024-08-17,27,1.0,0.2634941444160227,2.031977653503418,1.289171773195266,0,185.9653167724609,5.62434196472168,80.97733306884766,2.158630847930908,4.475549710017663,2600,73792.69448377409,101.0,0.7023110409910305,34227.0,11.0
T5T,"July 22 - August 17, 2024",29600,86340.61392100602,0.0,0.0,2024-07-22,2024-08-17,27,1.0,0.2581618937802509,2.0084747875605875,1.2494683928275427,0,186.80407125050243,5.563408962816115,80.94912506996444,2.155068600385937,4.37181657435596,29500,74741.29955933786,101.0,0.8466908113791694,34238.0,11.0
T5V,"July 22 - August 17, 2024",100,90998.98724461973,0.0,0.0,2024-07-22,2024-08-17,27,1.0,0.2634941444160227,2.031977653503418,1.289171773195266,0,185.9653167724609,5.62434196472168,80.97733306884766,2.158630847930908,4.475549710017663,100,80031.9435289854,101.0,0.7881339433466368,20546.0,10.0
T5W,"July 22 - August 17, 2024",7400,80807.14664976683,0.0,0.0,2024-07-22,2024-08-17,27,1.0,0.18087702402697317,1.3871707916259766,0.7707623630762097,0,187.0225830078125,5.340482711791992,80.22045135498047,1.9861903190612795,3.6805664378183858,8000,73408.2096384527,101.0,0.8751281849017907,12677.0,9.0
T5X,"July 22 - August 17, 2024",14100,90210.81852805852,0.0,0.0,2024-07-22,2024-08-17,27,1.0,0.25096906413069225,1.9342223979883957,1.210578868336861,0,186.1256024907042,5.444294367687828,80.8625868251146,2.132488185751857,4.355027120233593,15400,79719.91572973174,101.0,0.8578842065774666,15994.0,8.0
T5Y,"July 22 - August 17, 2024",19700,89129.65582123767,0.0,0.0,2024-07-22,2024-08-17,27,1.0,0.18087702402697317,1.3871707916259766,0.7707623630762097,0,187.0225830078125,5.340482711791992,80.22045135498047,1.9861903190612795,3.6805664378183858,19400,75689.82041218002,31.0,0.5825495923476921,124616.0,11.0
T5Z,"July 22 - August 17, 2024",12300,100730.7495191398,0.00081,3222.256737676516,2024-07-22,2024-08-17,27,1.0,0.18087702402697317,1.3871707916259766,0.7707623630762097,0,187.0225830078125,5.340482711791992,80.22045135498047,1.9861903190612795,3.6805664378183858,12400,93111.61366494816,101.0,0.77804788213628,13575.0,8.0
T6A,"July 22 - August 17, 2024",6100,89984.46524475148,0.0,0.0,2024-07-22,2024-08-17,27,1.0,0.18087702402697317,1.3871707916259766,0.7707623630762097,0,187.0225830078125,5.340482711791992,80.22045135498047,1.9861903190612795,3.6805664378183858,6800,77926.96082068795,101.0,0.8781614020358904,9529.0,10.0
T6B,"July 22 - August 17, 2024",4100,86220.50128595877,0.0,0.0,2024-07-22,2024-08-17,27,1.0,0.16879713115083403,1.2174969696168558,0.7335760815525959,0,189.7193677782776,4.6763230133266855,79.11171776354679,1.8364858789239669,3.466131344170905,4600,75393.89924011366,101.0,0.9559019385389436,20273.0,10.0
T6C,"July 22 - August 17, 2024",10000,81038.858582711,0.0,0.0,2024-07-22,2024-08-17,27,1.0,0.18087702402697317,1.3871707916259766,0.7707623630762097,0,187.0225830078125,5.340482711791992,80.22045135498047,1.9861903190612795,3.6805664378183858,10500,71323.7001793778,101.0,0.923477694562032,9213.0,11.0
T6E,"July 22 - August 17, 2024",11800,60592.28962330856,0.00084,71333.01911038195,2024-07-22,2024-08-17,27,1.0,0.16091259887186268,1.0548059619069472,0.7434327050414367,0,193.23110296635056,4.184688056411368,78.5212536878637,1.7135297542807308,3.25851355616639,12400,53659.66851693373,101.0,0.9656607700312176,21142.0,10.0
T6G,"July 22 - August 17, 2024",6500,81207.66821178207,0.0,0.0,2024-07-22,2024-08-17,27,1.0,0.2634941444160227,2.031977653503418,1.289171773195266,0,185.9653167724609,5.62434196472168,80.97733306884766,2.158630847930908,4.475549710017663,6400,68685.09897879342,101.0,0.8695715962441315,6816.0,9.0
T6H,"July 22 - August 17, 2024",12000,88398.7955572678,0.0,0.0,2024-07-22,2024-08-17,27,1.0,0.2086739076830715,1.7280157561948275,0.9072707024851613,0,193.62028638485185,4.967334148930753,80.34924118177968,2.068741282920464,3.496842644461446,13800,72806.26451037085,101.0,0.8191975886082528,19242.0,11.0
T6J,"July 22 - August 17, 2024",18400,93220.01107419806,0.00054,3068.658380021176,2024-07-22,2024-08-17,27,1.0,0.19072732058417893,1.6246137375209,0.7902383446443676,0,196.39389740581265,4.754924184690145,80.07045284601213,2.030680131186294,3.1638694737020674,19900,82498.56498950544,101.0,0.8322929671244278,24030.0,11.0
T6K,"July 22 - August 17, 2024",8900,79342.49365099866,0.0,0.0,2024-07-22,2024-08-17,27,1.0,0.13264022042578197,0.7408091425895691,0.624788451194763,0,197.79124450683597,3.89182448387146,77.8631820678711,1.6026129722595217,2.8242953099586345,10300,71690.79257012371,101.0,0.9806081573197378,10984.0,5.0
T6L,"July 22 - August 17, 2024",16500,85972.11978825115,0.0,0.0,2024-07-22,2024-08-17,27,1.0,0.13264022042578197,0.7408091425895691,0.624788451194763,0,197.79124450683597,3.89182448387146,77.8631820678711,1.6026129722595217,2.8242953099586345,19100,77053.15264802653,101.0,0.9458171745152356,18050.0,10.0
T6M,"July 22 - August 17, 2024",15400,119213.9786750954,0.0,0.0,2024-07-22,2024-08-17,27,1.0,0.1984411858987865,1.745244889488507,0.8096733145508574,0,196.1980428750448,4.880965046408534,80.63319812348458,2.1151717614025034,3.2100151671000567,13400,106537.94898471003,101.0,0.3663585470641843,46086.0,12.0
T6P,"July 22 - August 17, 2024",600,48640.872948787015,0.0,0.0,2024-07-22,2024-08-17,27,1.0,0.15651916386960013,1.0450410003073225,0.6996898800791277,0,192.4603718182805,4.116677247746649,78.50843720992084,1.7085162169547148,3.2481801511638357,1000,43742.04337005211,101.0,0.7955836466917353,12499.0,10.0
T6R,"July 22 - August 17, 2024",19100,122541.92796269196,0.0,0.0,2024-07-22,2024-08-17,27,1.0,0.19836396359701045,1.7449045181274414,0.8091212302446362,0,196.21018981933597,4.880082607269287,80.6327896118164,2.1151201725006104,3.2085128912219294,22100,108485.14266658436,101.0,0.759915078146174,22138.0,11.0
T6T,"July 22 - August 17, 2024",17000,94224.62941564088,0.00176,23755.436651271244,2024-07-22,2024-08-17,27,1.0,0.13264022042578197,0.7408091425895691,0.624788451194763,0,197.79124450683597,3.89182448387146,77.8631820678711,1.6026129722595217,2.8242953099586345,14000,84416.00954394757,101.0,0.6694073110138412,16906.0,11.0
T6V,"July 22 - August 17, 2024",7200,96380.67564755343,0.0,0.0,2024-07-22,2024-08-17,27,1.0,0.2634941444160227,2.031977653503418,1.289171773195266,0,185.9653167724609,5.62434196472168,80.97733306884766,2.158630847930908,4.475549710017663,8600,85949.91934608093,101.0,0.6382556987115956,17153.0,9.0
T6W,"July 22 - August 17, 2024",41300,100181.0522777858,0.0,0.0,2024-07-22,2024-08-17,27,1.0,0.19623521043125952,1.7113728498804697,0.80385752963266,0,196.2613992454709,4.845194059010836,80.47603537197402,2.0915820805717407,3.1960683110293417,27500,89259.23242646614,101.0,0.5060149052285664,51123.0,11.0
T6X,"July 22 - August 17, 2024",20600,96228.8152829094,0.0,0.0,2024-07-22,2024-08-17,27,1.0,0.13291135942513757,0.7417095362832512,0.6278182592322378,0,197.78472196923823,3.891752232034321,77.86925083662734,1.6035180145993044,2.825880374434453,16600,85528.87907367297,31.0,0.6313463643038221,72187.0,11.0
T6Y,"July 22 - August 17, 2024",100,100590.68831788495,0.0,0.0,2024-07-22,2024-08-17,27,1.0,0.19836396359701045,1.7449045181274414,0.8091212302446362,0,196.21018981933597,4.880082607269287,80.6327896118164,2.1151201725006104,3.2085128912219294,100,111114.69992627812,31.0,0.8511531013438178,68164.0,11.0
T7A,"July 22 - August 17, 2024",5100,98551.51859790969,0.0,0.0,2024-07-22,2024-08-17,27,1.0,0.18334112044923515,1.4381059687396345,0.8253742010679629,0,119.13176101932868,4.930347033322602,81.29195962614196,1.9612680202612875,2.645209254795937,6600,82091.78462202376,2.0,0.2594816034781021,2410510.0,13.0
T7E,"July 22 - August 17, 2024",6500,87958.52077306404,0.0,0.0,2024-07-22,2024-08-17,27,1.0,0.13709941577771076,0.7021811793563935,0.5157717436651509,0,143.3340845529027,3.8250696611448975,78.59065826221264,1.3804433369686246,2.5867664242686454,6400,73820.08072547406,2.0,0.2425730340223548,8788986.0,14.0
T7N,"July 22 - August 17, 2024",3700,81630.1376441537,0.0,0.0,2024-07-22,2024-08-17,27,1.0,0.12773582007904474,0.8268136683062755,0.5858362693588816,0,158.36837444405913,4.483925879225656,78.49625698903931,1.6671161326045283,2.5472221892473037,4700,75945.14474920777,31.0,0.7223782042401677,1162171.0,12.0
T7P,"July 22 - August 17, 2024",3200,79486.02073892108,0.0,0.0,2024-07-22,2024-08-17,27,1.0,0.1164841000260467,0.7463845602256252,0.5997718727100952,0,150.00977420852283,4.581581049539031,77.75450475260277,1.589110288693906,2.406566184233366,3900,71249.37950176964,31.0,0.8706184978793815,841264.0,12.0
T7S,"July 22 - August 17, 2024",5000,90934.81486222077,0.0,0.0,2024-07-22,2024-08-17,27,1.0,0.11341730318982313,0.6562890889337505,0.48375378495766713,0,137.28679233045588,3.605838802164152,77.15838788870434,1.3303367502273329,2.448603103946017,5500,74519.43935433593,2.0,0.2690810596953604,2628680.0,14.0
T7V,"July 22 - August 17, 2024",5000,90491.90878472743,0.00602,2862.9601147462035,2024-07-22,2024-08-17,27,1.0,0.12056857186740087,0.5657573467250794,0.45966703270251247,0,157.5941634545798,3.5553806016017724,76.2191437796336,1.147798064094916,2.4286817564226117,6000,76599.96278906854,3.0,0.3604440219827624,4909847.0,14.0
T7X,"July 22 - August 17, 2024",19800,96664.37489729736,0.0005,737.7549751506659,2024-07-22,2024-08-17,27,1.0,0.2849928890348297,2.2472720912429582,1.440745446665609,0,185.00687596992867,5.611114296695997,81.49045251778945,2.310030918358245,3.945526482350606,21400,82279.4413523703,31.0,0.5817357188569521,359390.0,12.0
T7Y,"July 22 - August 17, 2024",7600,126294.42049274316,0.0,0.0,2024-07-22,2024-08-17,27,1.0,0.260117854381309,2.1863575167435787,1.2900588470382228,0,175.70399875868722,5.298520264092648,81.5925042731888,2.3386212606161174,3.5147250369565977,4000,113675.41795108643,31.0,0.5289405008533837,959123.0,12.0
T7Z,"July 22 - August 17, 2024",9000,88170.37364863833,0.0,0.0,2024-07-22,2024-08-17,27,1.0,0.30433757156005314,2.342664914228756,1.5847671940061956,0,178.4090072954728,5.745965456673873,81.72236120546212,2.350295259449156,4.120046340876196,12700,82470.417674773,31.0,0.4445839948813953,42199.0,12.0
T8A,"July 22 - August 17, 2024",15800,110938.0731331371,0.0,0.0,2024-07-22,2024-08-17,27,1.0,0.15690119377561557,1.1267492086329118,0.6879668225175928,0,184.7312611577217,5.275914316070677,79.7136456435408,1.8872444937609565,3.4378161165478827,23700,98368.48227457308,101.0,0.7142101551480959,45376.0,11.0
T8B,"July 22 - August 17, 2024",3300,173741.46727499863,0.0,0.0,2024-07-22,2024-08-17,27,1.0,0.13566261983167782,0.7590610049607364,0.6514749793058432,0,196.66887861708852,3.872109858686169,77.91528711577374,1.614158782919628,2.8840917095014706,3000,154912.4554775575,31.0,0.4731821831256327,114588.0,12.0
T8C,"July 22 - August 17, 2024",1600,148692.3866362297,0.0,0.0,2024-07-22,2024-08-17,27,1.0,0.11096479927339749,0.6281675918574204,0.5177299805443374,0,191.3061323264516,3.3012905944779827,76.549179186877,1.460834635408134,2.5988811890968724,1700,115518.45823750675,31.0,0.3734561113515277,140959.0,12.0
T8E,"July 22 - August 17, 2024",3200,130005.85310068344,0.0,0.0,2024-07-22,2024-08-17,27,1.0,0.1273182124366811,0.7902257197045353,0.5864481943744767,0,185.3379945057328,4.600301319999486,77.34043389676,1.613904034466658,3.021160208605242,3800,109792.88669279242,31.0,0.5483720355921871,259158.0,12.0
T8G,"July 22 - August 17, 2024",2000,115737.60118639575,0.0,0.0,2024-07-22,2024-08-17,27,1.0,0.11348538575191419,0.6333318615802529,0.5432986271623403,0,185.65210836923336,3.645153660940421,76.0988082244323,1.433365525319163,2.7075760935719164,2200,95753.76277698566,11.0,0.3736328330009447,333445.0,12.0
T8H,"July 22 - August 17, 2024",13000,91795.42679693032,0.0,0.0,2024-07-22,2024-08-17,27,1.0,0.1800175936995927,1.3778357986775678,0.7677452297436886,0,186.9404489808732,5.3381682126947165,80.20228455141478,1.9826435370671092,3.6718648835491896,13600,84206.78957936486,101.0,0.8474600355239786,42225.0,11.0
T8L,"July 22 - August 17, 2024",12600,95627.73148410628,0.0,0.0,2024-07-22,2024-08-17,27,1.0,0.12750581229229835,0.8587730134808872,0.5928203854897987,0,179.53913482480186,4.7306079760754365,78.74228618563139,1.716267556858611,2.8898947995357998,13700,83056.00385939679,31.0,0.6536232568760384,507996.0,12.0
T8N,"July 22 - August 17, 2024",28200,106096.02420902578,0.00106,4159.696501791904,2024-07-22,2024-08-17,27,1.0,0.2634941444160227,2.031977653503418,1.289171773195266,0,185.9653167724609,5.62434196472168,80.97733306884766,2.158630847930908,4.475549710017663,31300,92556.94631477408,101.0,0.6473235478419384,52663.0,11.0
T8R,"July 22 - August 17, 2024",5900,93579.30969956504,0.0,0.0,2024-07-22,2024-08-17,27,1.0,0.22178149676844996,1.6322393213165738,0.9665454627715786,0,176.63073329119933,5.08502116281715,80.34669273387097,2.015303981929992,3.932384919522438,6700,82297.77415703825,31.0,0.8241055132401375,784584.0,12.0
T8S,"July 22 - August 17, 2024",3600,84880.00332888124,0.0,0.0,2024-07-22,2024-08-17,27,1.0,0.7583068467190237,3.526132144957331,1.893067346783198,0,276.24781698993354,9.567616933857966,82.26088217148067,2.658827938935066,9.590374893769994,4400,72072.96670379165,101.0,0.3632159373888296,30921.0,13.0
T8T,"July 22 - August 17, 2024",3000,169858.75682009725,0.0,0.0,2024-07-22,2024-08-17,27,1.0,0.2615943105405547,1.9821424561884489,1.289914168265892,0,183.9970457949528,5.4625515100076365,80.9603030537456,2.163911300592666,4.202696101456418,2700,143696.90505246125,31.0,0.7601321948580434,425130.0,12.0
T8V,"July 22 - August 17, 2024",16100,71701.14931244898,0.0,0.0,2024-07-22,2024-08-17,27,1.0,0.3312324129745498,2.4825339866149667,0.713064413278215,0,247.58902476306176,5.472155684726421,81.98714947657449,2.492107221197868,5.34388433349038,24200,72875.57265776674,101.0,0.5254465110808677,59517.0,12.0
T8W,"July 22 - August 17, 2024",10100,110069.88282856376,0.0,0.0,2024-07-22,2024-08-17,27,1.0,0.32653445979865103,2.400386581422395,0.6910613051883625,0,249.26935059856584,5.481652485881102,81.76969331612017,2.4316584167411848,5.415821583648455,10700,93803.9590766589,11.0,0.2840669495980964,368994.0,13.0
T8X,"July 22 - August 17, 2024",11100,97812.46022166545,0.0,0.0,2024-07-22,2024-08-17,27,1.0,0.35027134503885626,2.586385578386112,0.7239574387014251,0,252.6420489155345,5.641092599805178,82.11788488056501,2.5391098674854726,5.608173028202098,9600,88879.13642689475,31.0,0.682753964674834,374747.0,12.0
T9A,"July 22 - August 17, 2024",6600,86837.84395867241,0.0,0.0,2024-07-22,2024-08-17,27,1.0,0.1405368967396841,0.6333585988478985,0.5409325043171059,0,177.65548244400242,3.688394927382033,76.48638725842811,1.4261686625538192,2.686899110577398,7600,77654.18331535641,31.0,0.8258632224460256,1115066.0,11.0
T9C,"July 22 - August 17, 2024",3400,91938.61915714272,0.0,0.0,2024-07-22,2024-08-17,27,1.0,0.09592443935846008,0.4818447637833755,0.4480417358356748,0,174.0626322986698,3.3662407680203508,72.12686344860406,1.1851361363388069,2.3520532540306367,3400,80476.91886282063,31.0,0.9008646013073104,648507.0,12.0
T9E,"July 22 - August 17, 2024",14700,88900.67751104115,0.0,0.0,2024-07-22,2024-08-17,27,1.0,0.18492209395837594,1.4911073247134996,0.775763350761888,0,193.7215630753388,4.667188642434327,79.56732723986678,1.951340700748624,3.0820480391052905,15800,81016.8989083656,101.0,0.5594682686777018,46941.0,11.0
T9G,"July 22 - August 17, 2024",2700,96577.1092802203,0.0,0.0,2024-07-22,2024-08-17,27,1.0,0.20308043832058562,1.782288815290222,0.8437332397374224,0,195.0139027592744,4.909127505200108,80.70735472765557,2.1350246320961905,3.2242275622275796,3300,80444.14923669066,31.0,0.4408804623076424,15401.0,11.0
T9H,"July 22 - August 17, 2024",11900,77259.06267794753,0.0,0.0,2024-07-22,2024-08-17,27,1.0,0.4469448143214262,2.1377391402439625,1.779191920502116,0,222.24828303124804,7.894590918461612,81.40474638717713,1.9332065833174183,5.302347294948305,17400,70804.31346021053,2.0,0.397761934210035,25332678.0,13.0
T9J,"July 22 - August 17, 2024",1900,80626.48507399707,0.0,0.0,2024-07-22,2024-08-17,27,1.0,0.3043521632014122,0.8882697224617004,0.8596065163612365,0,206.279296875,7.357796669006348,79.63085174560547,1.6228702068328855,4.89860506190194,1500,73829.05928921171,11.0,0.2724881641241451,5703.0,11.0
T9K,"July 22 - August 17, 2024",17800,96723.79984962918,0.0,0.0,2024-07-22,2024-08-17,27,1.0,0.30447706143474523,1.1022995426159696,0.8461124898454491,0,221.68370449831556,7.421185765770815,80.03498208093784,1.5334431880397106,5.11010862591719,20300,83074.9152182761,101.0,0.3800939387161708,44710.0,12.0
T9M,"July 22 - August 17, 2024",8500,87251.96106171633,0.0,0.0,2024-07-22,2024-08-17,27,1.0,0.08994130518071938,0.6994804632476541,0.4017784593039484,0,150.4799231269043,4.026653265940955,75.15157986917863,1.3420435296075242,2.2685031682997043,9400,74499.94683864542,11.0,0.6558212408030262,543793.0,12.0
T9N,"July 22 - August 17, 2024",6300,98380.80197617967,0.0,0.0,2024-07-22,2024-08-17,27,1.0,0.07714934280604888,0.5695978943868637,0.37357565757251954,0,153.74533003632783,3.4362991016775544,71.96250096199287,1.17506148484144,2.0247484478072604,6400,90017.57373052892,31.0,0.451300821050549,353815.0,12.0
T9S,"July 22 - August 17, 2024",3800,90355.83633817824,0.0,0.0,2024-07-22,2024-08-17,27,1.0,0.04276890743914731,0.4182206061263762,0.2850509249699205,0,117.62887744987948,2.118952935997706,71.2553464322358,1.0593871683944327,1.3480994627525504,4500,79002.2480585502,31.0,0.3843792659253377,2339762.0,13.0
T9V,"July 22 - August 17, 2024",10600,98674.47753716796,0.0,0.0,2024-07-22,2024-08-17,27,1.0,0.12105223116545327,0.7361631326326742,0.48170191052897054,0,161.76911379562864,5.598082653898818,72.78684009258231,1.23311263661253,3.2192231055836658,10800,92203.4654093755,31.0,0.764067533735753,208903.0,11.0
T9W,"July 22 - August 17, 2024",4500,94931.83241561535,0.0,0.0,2024-07-22,2024-08-17,27,1.0,0.13321430028801043,0.874507617639575,0.5060330953673691,0,215.39221133073835,4.678332696721336,78.3130847032784,1.733582372554961,3.0822088364164753,4600,82093.54280024087,31.0,0.3849424239596716,835938.0,11.0
T9X,"July 22 - August 17, 2024",3000,97260.7017220186,0.0,0.0,2024-07-22,2024-08-17,27,1.0,0.09457962870594006,0.522208627953753,0.45979052942944737,0,184.95764730117813,4.467740018394569,74.446401507053,1.3023048712519156,2.57803275986683,3600,85618.24476689688,31.0,0.8069744722324469,863922.0,10.0
