dataset,field,description,units,source,notes
provided_portfolio_data.csv,FSA,Forward Sortation Area code (first 3 characters of Canadian postal code),code,Provided (Current Exposure sheet),159 unique Alberta FSAs
provided_portfolio_data.csv,Number of Exposure,Count of insured exposures/policies in the FSA,count,Provided (Current Exposure sheet),
provided_portfolio_data.csv,$ Average Exposure,Average insured value per exposure in the FSA,CAD,Provided (Current Exposure sheet),
provided_claims_data.csv,FSA,Forward Sortation Area code,code,Provided (Historical claims sheet),
provided_claims_data.csv,Loss Dates,"Text date range describing the event window (e.g. ""May 3 - May 18 2016"")",date range (text),Provided (Historical claims sheet),Needs parsing into start/end dates before joining to daily FWI
provided_claims_data.csv,Number of Exposure,Count of exposures at risk in the FSA during the event,count,Provided (Historical claims sheet),
provided_claims_data.csv,$ Average Exposure,Average insured value per exposure in the FSA during the event,CAD,Provided (Historical claims sheet),
provided_claims_data.csv,Loss Frequency,Claim frequency for the FSA/event,rate,Provided (Historical claims sheet),
provided_claims_data.csv,Total $ Loss,Total claim loss amount for the FSA/event,CAD,Provided (Historical claims sheet),
climate_data (raw + processed),tas,Daily near-surface air temperature (noon proxy; verified equal to (tasmax+tasmin)/2),K,NASA NEX-GDDP-CMIP6 (EC-Earth3 ssp126 r1i1p1f1),"cell_methods attribute is mislabeled ""time: maximum"" in the source data -- confirmed cosmetic, not an actual data issue"
climate_data (raw + processed),hurs,Daily near-surface relative humidity,%,NASA NEX-GDDP-CMIP6 (EC-Earth3 ssp126 r1i1p1f1),
climate_data (raw + processed),pr,Daily precipitation flux,kg m-2 s-1 (raw); converted to mm/day for FWI input,NASA NEX-GDDP-CMIP6 (EC-Earth3 ssp126 r1i1p1f1),"Converted via xclim convert_units_to(..., context=""hydro"") before FWI computation"
climate_data (raw + processed),sfcWind,Daily near-surface wind speed,m s-1,NASA NEX-GDDP-CMIP6 (EC-Earth3 ssp126 r1i1p1f1),
climate_data (raw + processed),lat / lon,Grid cell latitude/longitude,degrees_north / degrees_east (0-360 lon convention),NASA NEX-GDDP-CMIP6,"Longitude is 0-360, not -180/180 -- see src/01_fetch_climate_data.py notes"
alberta_fwi_{2015_2025|2045_2050}.nc,DC,Drought Code -- seasonal drought/deep fuel moisture indicator,index,Computed via xclim.indices.fire.cffwis_indices,"NaN outside the WF93-estimated fire season. Two files exist: 2015_2025 (historical) and 2045_2050 (SSP1-2.6 future, feeds the illustrative future projection in notebooks/02_model_fitting.ipynb)"
alberta_fwi_{2015_2025|2045_2050}.nc,DMC,Duff Moisture Code -- moderate-depth fuel moisture,index,Computed via xclim.indices.fire.cffwis_indices,NaN outside the WF93-estimated fire season; see DC row for the two file variants
alberta_fwi_{2015_2025|2045_2050}.nc,FFMC,Fine Fuel Moisture Code -- fine/surface fuel moisture,index (0-101 valid range),Computed via xclim.indices.fire.cffwis_indices,NaN outside the WF93-estimated fire season; see DC row for the two file variants
alberta_fwi_{2015_2025|2045_2050}.nc,ISI,Initial Spread Index -- expected rate of fire spread,index,Computed via xclim.indices.fire.cffwis_indices,NaN outside the WF93-estimated fire season; see DC row for the two file variants
alberta_fwi_{2015_2025|2045_2050}.nc,BUI,Buildup Index -- total fuel available for combustion,index,Computed via xclim.indices.fire.cffwis_indices,NaN outside the WF93-estimated fire season; see DC row for the two file variants
alberta_fwi_{2015_2025|2045_2050}.nc,FWI,Fire Weather Index -- overall fire intensity potential,index,Computed via xclim.indices.fire.cffwis_indices,"NaN outside the WF93-estimated fire season; ~61% NaN (historical) / ~53% NaN (future) over the covered period, concentrated Nov-Mar"
fuel_data,FBP_Canada_30m_3978_*.tif,Canadian Fire Behaviour Prediction (FBP) fuel type raster,fuel class (categorical),NRCan/Canadian Forest Service (National Forest Information System) -- see references/external_sources.md,"30m resolution, Lambert Conformal Conic (EPSG:3978). Not included in this repository (exceeds GitHub's 100 MB limit; see .gitignore)"
boundary_data,lfsa000b21a_e,"Canada-wide FSA boundary polygons (2021 StatCan digital boundary file, all provinces)",geometry,"Statistics Canada, 2021 Census digital boundary files -- see references/external_sources.md","1643 FSA polygons nationally; CRS EPSG:3347 (StatCan Lambert Conformal Conic). Fields: CFSAUID (FSA code), DGUID, PRUID, PRNAME, LANDAREA. Not included in this repository (exceeds GitHub's 100 MB limit; see .gitignore)"
alberta_fsa_boundaries.gpkg,(all fields carried through from source shapefile),Alberta subset of the national FSA boundary file (PRNAME == 'Alberta'),geometry,Derived from boundary_data/canada_fsa,"154 of 1643 national FSAs. CRS kept as native EPSG:3347 (GeoPackage, not GeoJSON -- RFC 7946 GeoJSON requires WGS84 lon/lat coordinates, which this projected CRS is not; an earlier GeoJSON version of this file was non-compliant and was replaced). 5 FSAs present in provided_portfolio_data.csv have NO matching polygon: T0N/T0T/T0V are non-residential Canada Post routing codes (correctly absent, no real geography); T3T (Tsuut'ina Nation territory near Calgary) and T4K (rural Red Deer area) are real populated areas missing from this specific StatCan cartographic product -- an open item worth fixing, see docs/data_dictionary.md for the full breakdown."
alberta_fsa_static_features.csv,FSA,FSA code,code,"Portfolio + fuel summary, left-joined",159 rows (portfolio base) -- see docs/data_dictionary.md for full grain/key/method documentation
alberta_fsa_static_features.csv,dominant_fuel_code / dominant_fuel_pct / n_valid_pixels / n_fuel_classes_present,"Fuel summary columns, left-joined from alberta_fsa_fuel_summary.csv",see fuel_data rows above,src/06_build_static_fsa_features.py,NaN for 5 FSAs with no boundary polygon (T0N/T0T/T0V correctly excluded non-residential codes; T3T/T4K a real unresolved gap -- see docs/data_dictionary.md)
alberta_fsa_static_features.csv,Number of Exposure / $ Average Exposure,"Portfolio exposure columns, carried through unchanged",see provided_portfolio_data.csv rows above,src/06_build_static_fsa_features.py,
alberta_claims_features.csv,event_start / event_end,Parsed start/end dates from the free-text Loss Dates field,date,src/07_build_claims_feature_table.py,"Only 2 distinct event windows in the current data: May 3-18 2016, July 22-Aug 17 2024"
alberta_claims_features.csv,climate_days_available / window_coverage_fraction,Count and fraction of the event window with valid (non-NaN) FSA-level FWI data,count / fraction,src/07_build_claims_feature_table.py,"73/305 rows (24%) have zero valid days -- see docs/data_dictionary.md for the verified breakdown (72 seasonal-timing, 1 boundary-gap)"
alberta_claims_features.csv,fwi_mean / fwi_max / fwi_p95 / days_fwi_above_30 / ffmc_max / isi_max / bui_mean / dc_max / dmc_max,"Event-window aggregates of the daily FSA FWI table, computed only over valid days",index / count,src/07_build_claims_feature_table.py,NaN when climate_days_available == 0 -- check window_coverage_fraction before trusting these for low-coverage rows
alberta_fsa_fwi_daily_2045_2050.csv,CFSAUID / date / DC / DMC / FFMC / ISI / BUI / FWI,"Future (SSP1-2.6, 2045-2050) counterpart to alberta_fsa_fwi_daily.csv -- same schema and same area-weighted spatial-join method, just pointed at the future FWI NetCDF",index / date,src/05_aggregate_climate_to_fsa.py (aggregate_climate_to_fsa() called with future paths),"154 FSAs x 2191 days = 337414 rows. Consumed by notebooks/02_model_fitting.ipynb's future projection (period-mean FWI/DC per FSA, not event-window max -- a feature-scale mismatch from training, see report §10)"
