CFSAUID,dominant_fuel_code,dominant_fuel_pct,n_valid_pixels,n_fuel_classes_present
T0A,11,0.23515750138260055,42405596,13
T0B,31,0.7510147652784673,34682651,12
T0C,31,0.586367759245039,20985985,13
T0E,101,0.2098423210800715,35333068,14
T0G,2,0.2988464464872715,69320928,13
T0H,2,0.27424302182511945,244152845,15
T0J,13,0.5310800177877579,43432118,14
T0K,31,0.5160024242802729,28374607,15
T0L,31,0.31614563235869053,31471632,14
T0M,31,0.40036735251062716,23419467,15
T0P,4,0.21644470541083213,45095633,14
T1A,13,0.660505545843581,1796751,5
T1B,13,0.8448068208614845,4499373,13
T1C,101,0.4080032336297494,12370,4
T1G,31,0.6536465408477333,1074772,4
T1H,101,0.6120054823797245,43047,4
T1J,31,0.6711916826884408,385413,6
T1K,31,0.7557900203291936,315802,5
T1L,101,0.7058440147729741,4603,11
T1M,31,0.8646562996887451,651556,4
T1P,31,0.8461780347478035,1125769,11
T1R,31,0.5066571476635361,243723,4
T1S,31,0.666576606944205,1165893,13
T1V,31,0.8078179637636874,217627,8
T1W,3,0.32802978782980713,3407029,14
T1X,31,0.7839798884302989,468586,11
T1Y,101,0.9391349540913553,17317,6
T1Z,31,0.8219056699404899,282137,10
T2A,101,0.9835774937015956,21434,6
T2B,101,0.8391611559018027,22078,6
T2C,101,0.7924790880153971,67545,7
T2E,101,0.8826487994739368,56267,7
T2G,101,0.8998936295946106,16922,6
T2H,101,0.9480410054767588,14242,6
T2J,101,0.8832989546551061,28603,9
T2K,101,0.9943029490616622,14920,5
T2L,101,0.9920177963883801,7642,5
T2M,101,0.999550022498875,6667,2
T2N,101,0.9628805412141712,11234,6
T2P,31,0.7195526710779443,94606,8
T2R,101,1.0,1211,1
T2S,101,0.9692379762648344,6404,6
T2T,101,0.9937077050931972,8423,5
T2V,101,0.6838223756472619,25492,11
T2W,101,0.9196050046530866,19342,11
T2X,101,0.5905172413793104,44080,9
T2Y,31,0.4138340004659339,94434,13
T2Z,101,0.8183511385999438,28456,8
T3A,101,0.921455938697318,22968,7
T3B,101,0.7513409478134663,31694,10
T3C,101,0.8417841182536955,11636,8
T3E,101,0.9796954314720813,18912,8
T3G,101,0.8111759619541721,27756,11
T3H,101,0.7454348040667259,40524,13
T3J,101,0.8787859404483961,31267,7
T3K,101,0.6625905145542608,41706,7
T3L,101,0.3928163035135262,63839,12
T3M,101,0.46541126217638173,38394,8
T3N,31,0.5245354619209631,30568,7
T3P,31,0.7909214136939201,90741,8
T3R,31,0.5238242779683523,135555,12
T3S,31,0.5892829657644187,45479,8
T3Z,31,0.34583486440171574,582382,13
T4A,31,0.8146691735990343,552601,10
T4B,31,0.6675154695953608,308670,11
T4C,31,0.3762163161801402,789474,12
T4E,31,0.7703552878162022,771065,13
T4G,31,0.7934816477109627,1222763,13
T4H,31,0.8545174280354176,1171618,12
T4J,31,0.8062125655036406,1161195,12
T4L,31,0.8092969997165321,804324,12
T4M,31,0.5140037172338653,15603,10
T4N,101,0.632828202265114,31345,11
T4P,101,0.4584204110066179,45936,11
T4R,101,0.7932208004356112,22038,9
T4S,31,0.6653323851417816,234833,12
T4T,3,0.3367614673224807,8003285,14
T4V,31,0.7352939598035796,186335,10
T4X,31,0.771997596232511,672278,12
T5A,101,0.9188717447462124,14323,10
T5B,101,0.9153490634882023,8222,10
T5C,101,1.0,6258,1
T5E,101,0.998979666205087,13721,3
T5G,101,0.9836099160008195,9762,7
T5H,101,0.9134088883229339,7853,10
T5J,101,0.9663366336633663,1515,4
T5K,101,0.8369921776431996,3963,10
T5L,101,0.9973568281938326,11350,5
T5M,101,0.9990942712657559,13249,5
T5N,101,0.8459036144578314,8300,9
T5P,101,0.999737773698702,7627,3
T5R,101,0.8269801084990959,13825,10
T5S,101,0.7023110409910305,34227,11
T5T,101,0.8466908113791694,34238,11
T5V,101,0.7881339433466368,20546,10
T5W,101,0.8751281849017907,12677,9
T5X,101,0.8578842065774666,15994,8
T5Y,31,0.5825495923476921,124616,11
T5Z,101,0.77804788213628,13575,8
T6A,101,0.8781614020358904,9529,10
T6B,101,0.9559019385389435,20273,10
T6C,101,0.9234776945620319,9213,11
T6E,101,0.9656607700312175,21142,10
T6G,101,0.8695715962441315,6816,9
T6H,101,0.8191975886082528,19242,11
T6J,101,0.8322929671244278,24030,11
T6K,101,0.9806081573197378,10984,5
T6L,101,0.9458171745152355,18050,10
T6M,101,0.36635854706418436,46086,12
T6N,101,0.813372281726712,3081,7
T6P,101,0.7955836466917353,12499,10
T6R,101,0.759915078146174,22138,11
T6S,101,0.7197322756569162,20170,11
T6T,101,0.6694073110138412,16906,11
T6V,101,0.6382556987115956,17153,9
T6W,101,0.5060149052285664,51123,11
T6X,31,0.6313463643038221,72187,11
T6Y,31,0.8511531013438178,68164,11
T7A,2,0.2594816034781021,2410510,13
T7E,2,0.2425730340223548,8788986,14
T7N,31,0.7223782042401677,1162171,12
T7P,31,0.8706184978793815,841264,12
T7S,2,0.2690810596953604,2628680,14
T7V,3,0.3604440219827624,4909847,14
T7X,31,0.5817357188569521,359390,12
T7Y,31,0.5289405008533837,959123,12
T7Z,31,0.4445839948813953,42199,12
T8A,101,0.7142101551480959,45376,11
T8B,31,0.4731821831256327,114588,12
T8C,31,0.37345611135152773,140959,12
T8E,31,0.5483720355921871,259158,12
T8G,11,0.3736328330009447,333445,12
T8H,101,0.8474600355239786,42225,11
T8L,31,0.6536232568760384,507996,12
T8N,101,0.6473235478419384,52663,11
T8R,31,0.8241055132401375,784584,12
T8S,101,0.3632159373888296,30921,13
T8T,31,0.7601321948580434,425130,12
T8V,101,0.5254465110808677,59517,12
T8W,11,0.2840669495980964,368994,13
T8X,31,0.682753964674834,374747,12
T9A,31,0.8258632224460256,1115066,11
T9C,31,0.9008646013073105,648507,12
T9E,101,0.5594682686777018,46941,11
T9G,31,0.4408804623076424,15401,11
T9H,2,0.397761934210035,25332678,13
T9J,11,0.27248816412414517,5703,11
T9K,101,0.38009393871617086,44710,12
T9M,11,0.6558212408030262,543793,12
T9N,31,0.45130082105054903,353815,12
T9S,31,0.3843792659253377,2339762,13
T9V,31,0.764067533735753,208903,11
T9W,31,0.38494242395967165,835938,11
T9X,31,0.8069744722324469,863922,10
