FSA,Loss Dates,Number of Exposure,$ Average Exposure,Loss Frequency,Total $ Loss
T0A,"May 3 - May 18, 2016",23300,69124.67596349292,0.01159,87986.22635482404
T0B,"May 3 - May 18, 2016",25900,73417.892374046,0.0027,8260.251106632863
T0C,"May 3 - May 18, 2016",25400,72652.38571874163,0.00432,69261.65081906192
T0E,"May 3 - May 18, 2016",17900,66191.74340285285,0.00224,3501.2423477989664
T0G,"May 3 - May 18, 2016",13500,62975.96905488189,0.00666,74490.97064294481
T0H,"May 3 - May 18, 2016",28100,68079.22656567488,0.00178,181734.03813420862
T0J,"May 3 - May 18, 2016",17900,72607.61373862077,0.00279,10740.308682347906
T0K,"May 3 - May 18, 2016",18800,71742.7299543688,0.00106,2068.826912194199
T0L,"May 3 - May 18, 2016",21500,87297.75836277474,0.00186,394491.0688096511
T0M,"May 3 - May 18, 2016",31000,68918.71627460717,0.00129,8762.569044624497
T0P,"May 3 - May 18, 2016",600,56698.157816362895,0.678445,1114387.6482050857
T1A,"May 3 - May 18, 2016",12000,59384.338359778856,0,0
T1B,"May 3 - May 18, 2016",11000,72071.1809837747,0.00273,206.48968657481356
T1C,"May 3 - May 18, 2016",3100,65824.9056105902,0,0
T1G,"May 3 - May 18, 2016",4000,68009.79545178893,0,0
T1H,"May 3 - May 18, 2016",9600,65158.68041518269,0,0
T1J,"May 3 - May 18, 2016",13500,65710.53921883261,0.00148,32315.17039152131
T1K,"May 3 - May 18, 2016",17000,76636.32528496177,0.00294,2985.461347349301
T1L,"May 3 - May 18, 2016",1800,57069.41045073145,0,0
T1M,"May 3 - May 18, 2016",4100,72877.57073492749,0,0
T1P,"May 3 - May 18, 2016",7200,75315.0898868901,0.00279,856.7480648568409
T1R,"May 3 - May 18, 2016",6600,73637.96193630554,0,0
T1S,"May 3 - May 18, 2016",13700,89806.27729195,0.00219,605.6955730428808
T1V,"May 3 - May 18, 2016",7200,74014.51339381596,0.00277,171166.51217148863
T1W,"May 3 - May 18, 2016",7300,72868.9820508524,0.00958,10810.861129555245
T1X,"May 3 - May 18, 2016",7700,96568.60896244716,0.00905,11284.880825250691
T1Y,"May 3 - May 18, 2016",16500,67311.05281310646,0.00242,21848.696910961866
T1Z,"May 3 - May 18, 2016",100,170436.1364388727,0,0
T2A,"May 3 - May 18, 2016",17700,58707.521250406244,0.00113,1817.9408773067712
T2B,"May 3 - May 18, 2016",7700,59011.15828681423,0.0026,0
T2C,"May 3 - May 18, 2016",7600,71758.30633744944,0,0
T2E,"May 3 - May 18, 2016",14800,58158.38003056426,0.00068,0
T2G,"May 3 - May 18, 2016",40500,66688.11571740099,0.00049,0
T2H,"May 3 - May 18, 2016",3300,60551.321410881654,0,0
T2J,"May 3 - May 18, 2016",17800,85080.3880601772,0.00112,153007.37568139256
T2K,"May 3 - May 18, 2016",13100,64582.73389295447,0,0
T2L,"May 3 - May 18, 2016",6100,69988.56720868188,0.00326,3228.080229024993
T2M,"May 3 - May 18, 2016",9200,80684.10259478705,0.00217,919.9036548654034
T2N,"May 3 - May 18, 2016",12100,73875.1780039411,0,0
T2P,"May 3 - May 18, 2016",6900,45388.28347596001,0.00292,23864.965964573068
T2R,"May 3 - May 18, 2016",7800,29429.29315009608,0.00258,4474.997030053367
T2S,"May 3 - May 18, 2016",7800,74702.08963344521,0.00769,13445.413161281027
T2T,"May 3 - May 18, 2016",13900,79765.69927555307,0.00144,5909.557190164687
T2V,"May 3 - May 18, 2016",13200,77212.18319652448,0,0
T2W,"May 3 - May 18, 2016",15300,79482.04636350187,0,0
T2X,"May 3 - May 18, 2016",16200,87541.74005064658,0.00246,8424.619093060637
T2Y,"May 3 - May 18, 2016",21600,79891.15049248617,0.00232,1425.4393432264544
T2Z,"May 3 - May 18, 2016",25400,82678.47167571232,0.00157,30849.92170678646
T3A,"May 3 - May 18, 2016",19400,89664.97077941975,0.00362,9116.587452986667
T3B,"May 3 - May 18, 2016",14800,79306.38703848074,0.00068,0
T3C,"May 3 - May 18, 2016",9700,57920.2352574898,0.00205,3677.8872214339253
T3E,"May 3 - May 18, 2016",17100,67988.02553904612,0.00117,5699.999031275253
T3G,"May 3 - May 18, 2016",21700,86171.48718032535,0.00323,8605.447388275392
T3H,"May 3 - May 18, 2016",27600,106057.63573636797,0.00181,17012.86371616694
T3J,"May 3 - May 18, 2016",19000,71987.82125770836,0.0021,7841.25483176363
T3K,"May 3 - May 18, 2016",27600,77863.19948793174,0.00145,5892.15235358463
T3L,"May 3 - May 18, 2016",11300,103226.51608496174,0.00177,11169.725573994243
T3M,"May 3 - May 18, 2016",16000,88468.34817538809,0.00125,14845.419453768985
T3N,"May 3 - May 18, 2016",4700,71353.28143366126,0.00421,4873.70671936549
T3P,"May 3 - May 18, 2016",5700,87213.7540321652,0,0
T3R,"May 3 - May 18, 2016",8600,99029.52142395075,0.00582,9178.320173981909
T3S,"May 3 - May 18, 2016",100,82207.23800109673,0,0
T3Z,"May 3 - May 18, 2016",4500,156032.46392608286,0.00446,1221.8108335881457
T4A,"May 3 - May 18, 2016",6200,76797.5412666053,0,0
T4B,"May 3 - May 18, 2016",20600,75475.53386276377,0.00533,168329.18818519555
T4C,"May 3 - May 18, 2016",13200,88348.91925719153,0.00379,7779.351507756619
T4E,"May 3 - May 18, 2016",1000,97018.29560305555,0,0
T4G,"May 3 - May 18, 2016",5300,65986.64123404167,0,0
T4H,"May 3 - May 18, 2016",5300,72589.19585273019,0,0
T4J,"May 3 - May 18, 2016",4600,73585.41016352353,0.00435,3480.4939156377277
T4L,"May 3 - May 18, 2016",7300,75185.33094704058,0.00138,0
T4M,"May 3 - May 18, 2016",800,72030.85316871962,0.04779,2084.6386053438964
T4N,"May 3 - May 18, 2016",17600,61853.64480437277,0.00227,9679.811839877197
T4P,"May 3 - May 18, 2016",11200,65703.64434836399,0.00802,44415.88924469155
T4R,"May 3 - May 18, 2016",13700,76473.92748766464,0.00219,7452.051103811258
T4S,"May 3 - May 18, 2016",10400,74683.19169928538,0.00671,14887.51247258155
T4T,"May 3 - May 18, 2016",6100,70736.61091715298,0.00326,8059.892736293835
T4V,"May 3 - May 18, 2016",10400,70463.41336796132,0,0
T4X,"May 3 - May 18, 2016",7600,90186.00740401607,0.00661,10694.060685467011
T5A,"May 3 - May 18, 2016",10900,55653.57579442265,0.00184,2843.4019174303608
T5B,"May 3 - May 18, 2016",5100,59509.06645129855,0.00392,613.8643305133509
T5C,"May 3 - May 18, 2016",4900,64887.72513988492,0,0
T5E,"May 3 - May 18, 2016",10100,63240.95624803471,0.00597,6090.628413631659
T5G,"May 3 - May 18, 2016",4000,58422.45859257271,0.01247,2557.113317106968
T5H,"May 3 - May 18, 2016",7300,41137.13094745153,0.00275,4261.082502374291
T5J,"May 3 - May 18, 2016",21400,51205.36116500086,0.00234,105062.69000662056
T5K,"May 3 - May 18, 2016",12000,31756.69963000188,0.01251,48403.63790819474
T5L,"May 3 - May 18, 2016",5800,61427.23899475984,0,0
T5M,"May 3 - May 18, 2016",5600,56136.23763698426,0.00354,62.203005478020806
T5N,"May 3 - May 18, 2016",6500,72005.50711379,0,0
T5P,"May 3 - May 18, 2016",6500,54389.69703072631,0.00615,8055.225141547617
T5R,"May 3 - May 18, 2016",9400,74792.12297597832,0.00532,8849.338692122778
T5S,"May 3 - May 18, 2016",2200,66803.56366780553,0.01843,18228.950961222206
T5T,"May 3 - May 18, 2016",24200,67662.32346786896,0.00908,240287.97385310064
T5V,"May 3 - May 18, 2016",100,72451.87443551599,0,0
T5W,"May 3 - May 18, 2016",6600,66455.49455305893,0.0061,20908.61705392388
T5X,"May 3 - May 18, 2016",12700,72169.39973935009,0.01026,156945.211714172
T5Y,"May 3 - May 18, 2016",15900,68521.00702220124,0.00629,203461.7495196254
T5Z,"May 3 - May 18, 2016",10200,84292.72918129046,0.00588,15057.405206669906
T6A,"May 3 - May 18, 2016",5600,70546.26104984,0.00357,929.9981113378219
T6B,"May 3 - May 18, 2016",3700,68253.1134455121,0,0
T6C,"May 3 - May 18, 2016",8600,64568.415332824305,0.00232,0
T6E,"May 3 - May 18, 2016",10100,48577.397901529876,0.00197,0
T6G,"May 3 - May 18, 2016",5200,62179.72408729802,0.00957,193166.0927251801
T6H,"May 3 - May 18, 2016",11300,65910.56148116544,0.00618,49946.49360847391
T6J,"May 3 - May 18, 2016",16300,74684.87466589053,0.00122,117924.55022339658
T6K,"May 3 - May 18, 2016",8500,64900.73928533363,0.00236,16913.425876162943
T6L,"May 3 - May 18, 2016",15700,69755.2139102255,0.00255,13099.001981268873
T6M,"May 3 - May 18, 2016",11000,96447.41539560453,0.00455,24674.396048672545
T6N,"May 3 - May 18, 2016",100,67566.44820588347,0,0
T6P,"May 3 - May 18, 2016",900,39599.10123452287,0,0
T6R,"May 3 - May 18, 2016",18100,98210.18443406594,0.00497,427547.49481738673
T6T,"May 3 - May 18, 2016",11500,76420.71220737409,0.0061,14963.395398145472
T6V,"May 3 - May 18, 2016",7100,77809.34074092112,0.00989,26285.13072218891
T6W,"May 3 - May 18, 2016",22600,80805.2187015887,0.01284,237114.2166822045
T6X,"May 3 - May 18, 2016",13600,77428.17847490982,0.00662,75849.61985687516
T7A,"May 3 - May 18, 2016",5400,74316.62170578414,0,0
T7E,"May 3 - May 18, 2016",5300,66828.35607515459,0,0
T7N,"May 3 - May 18, 2016",3900,68752.1488137281,0,0
T7P,"May 3 - May 18, 2016",3200,64501.13379292169,0,0
T7S,"May 3 - May 18, 2016",4500,67461.47631851521,0,0
T7V,"May 3 - May 18, 2016",4900,69344.94704291168,0,0
T7X,"May 3 - May 18, 2016",17500,74486.50489572721,0.00627,20085.92161163997
T7Y,"May 3 - May 18, 2016",3300,102908.8729403911,0.00608,0
T7Z,"May 3 - May 18, 2016",10400,74659.39326905362,0.0048,14062.51041480054
T8A,"May 3 - May 18, 2016",19500,89051.70375611895,0.00257,23805.600153712792
T8B,"May 3 - May 18, 2016",2500,140240.22506329036,0,0
T8C,"May 3 - May 18, 2016",1400,104577.35326866104,0,0
T8E,"May 3 - May 18, 2016",3100,99394.0680410698,0,0
T8G,"May 3 - May 18, 2016",1800,86684.63230477167,0.011,8388.921228202022
T8H,"May 3 - May 18, 2016",11200,76231.30810277603,0.01165,16249.680801447588
T8L,"May 3 - May 18, 2016",11200,75189.51680284197,0.00623,21820.385605805186
T8N,"May 3 - May 18, 2016",25600,83790.59606498377,0.00429,5907.248985492644
T8R,"May 3 - May 18, 2016",5500,74503.10134463604,0.00728,7639.068545025178
T8S,"May 3 - May 18, 2016",3600,65246.71654296431,0,0
T8T,"May 3 - May 18, 2016",2200,130086.93357374938,0.01833,5039.317706076871
T8V,"May 3 - May 18, 2016",19900,65973.30524285688,0,0
T8W,"May 3 - May 18, 2016",8800,84919.50045065374,0.00682,193431.65493008555
T8X,"May 3 - May 18, 2016",7900,80461.12275164573,0,0
T9A,"May 3 - May 18, 2016",6200,70299.31913272967,0.00642,66076.4895049518
T9C,"May 3 - May 18, 2016",2800,72854.70480039717,0,0
T9E,"May 3 - May 18, 2016",13000,73343.54169142357,0.00847,14546.535004320287
T9G,"May 3 - May 18, 2016",2700,72825.03888535155,0,0
T9H,"May 3 - May 18, 2016",14300,64098.221311521374,0.82537,33941733.94090169
T9J,"May 3 - May 18, 2016",1200,66836.48425177817,0.9,16231880.608727401
T9K,"May 3 - May 18, 2016",16700,75206.63700933092,0.92,28702139.6081357
T9M,"May 3 - May 18, 2016",7700,67443.82999834645,0.0259,33602.769662007544
T9N,"May 3 - May 18, 2016",5300,81491.7351913616,0.00379,10777.089383657532
T9S,"May 3 - May 18, 2016",3700,71519.70455882455,0.01094,156766.0159977059
T9V,"May 3 - May 18, 2016",8900,83470.59441259335,0,0
T9W,"May 3 - May 18, 2016",3800,74318.21336158813,0.00528,3209.5983218833253
T9X,"May 3 - May 18, 2016",3000,77509.08007118251,0.00676,22534.7524004766
T0A,"July 22 - August 17, 2024",23300,77905.80213322224,0,0
T0B,"July 22 - August 17, 2024",27100,88074.87004020567,0,0
T0C,"July 22 - August 17, 2024",26000,90286.97965993034,0.00038,3552.906199807753
T0E,"July 22 - August 17, 2024",18200,86952.88488127016,0.5,23410785.731121313
T0G,"July 22 - August 17, 2024",14100,81434.77493049917,0,0
T0H,"July 22 - August 17, 2024",26800,91498.7508937165,0,0
T0J,"July 22 - August 17, 2024",19000,87549.19931795607,0.00053,55157.20662177721
T0K,"July 22 - August 17, 2024",19400,89279.49280904238,0.00207,30130.9928100331
T0L,"July 22 - August 17, 2024",20600,106028.28055413891,0,0
T0M,"July 22 - August 17, 2024",28000,88512.39029736721,0.00107,5489.583026415212
T0P,"July 22 - August 17, 2024",600,73967.38932099147,0,0
T1A,"July 22 - August 17, 2024",10400,74767.80439120784,0,0
T1B,"July 22 - August 17, 2024",13200,92737.10368337232,0,0
T1C,"July 22 - August 17, 2024",3700,81462.15843966935,0,0
T1G,"July 22 - August 17, 2024",4200,90750.89223924905,0,0
T1H,"July 22 - August 17, 2024",11500,83301.32960823184,0,0
T1J,"July 22 - August 17, 2024",10900,84561.57841405287,0,0
T1K,"July 22 - August 17, 2024",19600,94438.90445408363,0,0
T1L,"July 22 - August 17, 2024",2200,64934.357052517495,0,0
T1M,"July 22 - August 17, 2024",4000,97550.54804016027,0,0
T1P,"July 22 - August 17, 2024",7500,94071.24895123747,0,0
T1R,"July 22 - August 17, 2024",6400,87652.87609157231,0,0
T1S,"July 22 - August 17, 2024",18100,131177.42200715942,0.00055,3791.5205660873453
T1V,"July 22 - August 17, 2024",8100,99448.80797871016,0,0
T1W,"July 22 - August 17, 2024",10900,90423.34663563114,0,0
T1X,"July 22 - August 17, 2024",10400,124573.75033977226,0,0
T1Y,"July 22 - August 17, 2024",18200,86470.71517589901,0,0
T1Z,"July 22 - August 17, 2024",900,182519.43440651524,0,0
T2A,"July 22 - August 17, 2024",20500,74302.23828994145,0,0
T2B,"July 22 - August 17, 2024",8900,74676.10747992473,0.00113,44642.55545851307
T2C,"July 22 - August 17, 2024",9700,88343.2488632214,0,0
T2E,"July 22 - August 17, 2024",19300,71933.01301997565,0,0
T2G,"July 22 - August 17, 2024",10600,50089.65286574792,0,0
T2H,"July 22 - August 17, 2024",4300,65537.34384775229,0,0
T2J,"July 22 - August 17, 2024",18800,112670.77950775894,0,0
T2K,"July 22 - August 17, 2024",15100,85618.91637655269,0,0
T2L,"July 22 - August 17, 2024",7400,91469.97215584973,0,0
T2M,"July 22 - August 17, 2024",10400,102488.77315498599,0,0
T2N,"July 22 - August 17, 2024",14100,101296.29029020878,0,0
T2P,"July 22 - August 17, 2024",8800,44162.35557726704,0,0
T2R,"July 22 - August 17, 2024",11300,33413.98229369779,0,0
T2S,"July 22 - August 17, 2024",9200,107871.17635109689,0.00108,18789.33258113763
T2T,"July 22 - August 17, 2024",17100,104675.83583853247,0,0
T2V,"July 22 - August 17, 2024",15700,98755.51271952005,0,0
T2W,"July 22 - August 17, 2024",17600,105937.4799369038,0,0
T2X,"July 22 - August 17, 2024",27700,107592.57171781287,0,0
T2Y,"July 22 - August 17, 2024",24600,105793.54110679602,0,0
T2Z,"July 22 - August 17, 2024",28800,109270.50172404124,0,0
T3A,"July 22 - August 17, 2024",22000,120568.2291806166,0,0
T3B,"July 22 - August 17, 2024",18600,103605.18165150835,0,0
T3C,"July 22 - August 17, 2024",11700,74340.09471700873,0,0
T3E,"July 22 - August 17, 2024",20200,90227.11049247738,0.00049,6902.650937198652
T3G,"July 22 - August 17, 2024",23600,115110.2394882328,0,0
T3H,"July 22 - August 17, 2024",32900,141097.31063586823,0,0
T3J,"July 22 - August 17, 2024",25000,95728.68924783857,0,0
T3K,"July 22 - August 17, 2024",31100,102706.38864594084,0,0
T3L,"July 22 - August 17, 2024",13000,140711.1343093581,0,0
T3M,"July 22 - August 17, 2024",29000,105452.96304485234,0,0
T3N,"July 22 - August 17, 2024",16500,90274.46451254265,0,0
T3P,"July 22 - August 17, 2024",15600,109038.5548002034,0,0
T3R,"July 22 - August 17, 2024",15700,113921.18588198406,0,0
T3S,"July 22 - August 17, 2024",1100,101879.32156475818,0,0
T3T,"July 22 - August 17, 2024",100,89691.80076014022,0,0
T3Z,"July 22 - August 17, 2024",5700,219848.38944805687,0,0
T4A,"July 22 - August 17, 2024",8200,99957.18183042284,0,0
T4B,"July 22 - August 17, 2024",25000,98657.15125711275,0.0004,15321.46459700813
T4C,"July 22 - August 17, 2024",17700,115301.3379234548,0.00169,8664.784867561357
T4E,"July 22 - August 17, 2024",2500,123462.77842053934,0,0
T4G,"July 22 - August 17, 2024",5800,84662.85172750252,0,0
T4H,"July 22 - August 17, 2024",5500,90616.98341921577,0,0
T4J,"July 22 - August 17, 2024",4600,97191.21157587251,0,0
T4L,"July 22 - August 17, 2024",7500,95230.65936545852,0,0
T4M,"July 22 - August 17, 2024",2900,90873.75234271854,0,0
T4N,"July 22 - August 17, 2024",14500,71927.1365242679,0,0
T4P,"July 22 - August 17, 2024",14900,86335.905148481,0,0
T4R,"July 22 - August 17, 2024",16900,99162.64588844616,0,0
T4S,"July 22 - August 17, 2024",11000,98518.18264883837,0,0
T4T,"July 22 - August 17, 2024",5200,90430.54607677784,0,0
T4V,"July 22 - August 17, 2024",11200,89561.60484002688,0.00089,2124.936293099699
T4X,"July 22 - August 17, 2024",9900,118623.61759557278,0,0
T5A,"July 22 - August 17, 2024",11700,67017.83869608624,0,0
T5B,"July 22 - August 17, 2024",6000,68546.02448076048,0,0
T5C,"July 22 - August 17, 2024",5500,77200.87958278139,0,0
T5E,"July 22 - August 17, 2024",12000,76930.63222303872,0,0
T5G,"July 22 - August 17, 2024",4800,66541.2686652239,0.00211,7786.570317074086
T5H,"July 22 - August 17, 2024",10600,40200.89891612369,0,0
T5J,"July 22 - August 17, 2024",4900,34442.14176549909,0,0
T5K,"July 22 - August 17, 2024",14700,37460.619408587176,0,0
T5L,"July 22 - August 17, 2024",6300,73770.48009403472,0,0
T5M,"July 22 - August 17, 2024",6700,69997.77392598086,0,0
T5N,"July 22 - August 17, 2024",8000,89679.56997445614,0.00997,26407.102054633
T5P,"July 22 - August 17, 2024",7900,64341.35273414772,0,0
T5R,"July 22 - August 17, 2024",10200,98148.25758829138,0,0
T5S,"July 22 - August 17, 2024",3800,104511.48301511533,0,0
T5T,"July 22 - August 17, 2024",29600,86340.61392100602,0,0
T5V,"July 22 - August 17, 2024",100,90998.98724461971,0,0
T5W,"July 22 - August 17, 2024",7400,80807.14664976683,0,0
T5X,"July 22 - August 17, 2024",14100,90210.81852805852,0,0
T5Y,"July 22 - August 17, 2024",19700,89129.65582123767,0,0
T5Z,"July 22 - August 17, 2024",12300,100730.74951913979,0.00081,3222.256737676516
T6A,"July 22 - August 17, 2024",6100,89984.46524475148,0,0
T6B,"July 22 - August 17, 2024",4100,86220.50128595877,0,0
T6C,"July 22 - August 17, 2024",10000,81038.858582711,0,0
T6E,"July 22 - August 17, 2024",11800,60592.28962330856,0.00084,71333.01911038195
T6G,"July 22 - August 17, 2024",6500,81207.66821178207,0,0
T6H,"July 22 - August 17, 2024",12000,88398.7955572678,0,0
T6J,"July 22 - August 17, 2024",18400,93220.01107419806,0.00054,3068.658380021176
T6K,"July 22 - August 17, 2024",8900,79342.49365099866,0,0
T6L,"July 22 - August 17, 2024",16500,85972.11978825115,0,0
T6M,"July 22 - August 17, 2024",15400,119213.97867509541,0,0
T6P,"July 22 - August 17, 2024",600,48640.872948787015,0,0
T6R,"July 22 - August 17, 2024",19100,122541.92796269196,0,0
T6T,"July 22 - August 17, 2024",17000,94224.62941564088,0.00176,23755.436651271244
T6V,"July 22 - August 17, 2024",7200,96380.67564755345,0,0
T6W,"July 22 - August 17, 2024",41300,100181.05227778581,0,0
T6X,"July 22 - August 17, 2024",20600,96228.8152829094,0,0
T6Y,"July 22 - August 17, 2024",100,100590.68831788495,0,0
T7A,"July 22 - August 17, 2024",5100,98551.51859790969,0,0
T7E,"July 22 - August 17, 2024",6500,87958.52077306404,0,0
T7N,"July 22 - August 17, 2024",3700,81630.1376441537,0,0
T7P,"July 22 - August 17, 2024",3200,79486.02073892108,0,0
T7S,"July 22 - August 17, 2024",5000,90934.81486222075,0,0
T7V,"July 22 - August 17, 2024",5000,90491.90878472743,0.00602,2862.9601147462035
T7X,"July 22 - August 17, 2024",19800,96664.37489729736,0.0005,737.7549751506659
T7Y,"July 22 - August 17, 2024",7600,126294.42049274317,0,0
T7Z,"July 22 - August 17, 2024",9000,88170.37364863833,0,0
T8A,"July 22 - August 17, 2024",15800,110938.0731331371,0,0
T8B,"July 22 - August 17, 2024",3300,173741.46727499863,0,0
T8C,"July 22 - August 17, 2024",1600,148692.3866362297,0,0
T8E,"July 22 - August 17, 2024",3200,130005.85310068345,0,0
T8G,"July 22 - August 17, 2024",2000,115737.60118639577,0,0
T8H,"July 22 - August 17, 2024",13000,91795.42679693033,0,0
T8L,"July 22 - August 17, 2024",12600,95627.73148410629,0,0
T8N,"July 22 - August 17, 2024",28200,106096.02420902578,0.00106,4159.696501791904
T8R,"July 22 - August 17, 2024",5900,93579.30969956504,0,0
T8S,"July 22 - August 17, 2024",3600,84880.00332888124,0,0
T8T,"July 22 - August 17, 2024",3000,169858.75682009725,0,0
T8V,"July 22 - August 17, 2024",16100,71701.14931244898,0,0
T8W,"July 22 - August 17, 2024",10100,110069.88282856377,0,0
T8X,"July 22 - August 17, 2024",11100,97812.46022166543,0,0
T9A,"July 22 - August 17, 2024",6600,86837.84395867241,0,0
T9C,"July 22 - August 17, 2024",3400,91938.61915714272,0,0
T9E,"July 22 - August 17, 2024",14700,88900.67751104115,0,0
T9G,"July 22 - August 17, 2024",2700,96577.1092802203,0,0
T9H,"July 22 - August 17, 2024",11900,77259.06267794753,0,0
T9J,"July 22 - August 17, 2024",1900,80626.48507399707,0,0
T9K,"July 22 - August 17, 2024",17800,96723.79984962918,0,0
T9M,"July 22 - August 17, 2024",8500,87251.96106171633,0,0
T9N,"July 22 - August 17, 2024",6300,98380.80197617969,0,0
T9S,"July 22 - August 17, 2024",3800,90355.83633817824,0,0
T9V,"July 22 - August 17, 2024",10600,98674.47753716797,0,0
T9W,"July 22 - August 17, 2024",4500,94931.83241561537,0,0
T9X,"July 22 - August 17, 2024",3000,97260.7017220186,0,0
